"numero_correlativo","tipo_societario","descripcion_tipo_societario","razon_social","fecha_balance","fecha_presentacion","capital_informado"
"1933079","50","SOC. ANONIMA","NRG ARGENTINA","20181231","20210909","100000,00"
"1933110","100","ASOCIACION CIVIL","CENTRO DOCUMENTAL Y BIBLIOTECA PINIE KATZ","20210331","20221109","0,00"
"1933110","100","ASOCIACION CIVIL","CENTRO DOCUMENTAL Y BIBLIOTECA PINIE KATZ","20200331","20221109","0,00"
"1933110","100","ASOCIACION CIVIL","CENTRO DOCUMENTAL Y BIBLIOTECA PINIE KATZ","20190331","20200107","0,00"
"1933112","50","SOC. ANONIMA","PLAZA INDUSTRIAL PILAR","20200331","20221125","133385,00"
"1933115","51","SOCIEDAD ANONIMA UNIPERSONAL (SAU)","VLG","20211231","20220325","19172000,00"
"1933115","51","SOCIEDAD ANONIMA UNIPERSONAL (SAU)","VLG","20201231","20210419","19172000000,00"
"1933115","51","SOCIEDAD ANONIMA UNIPERSONAL (SAU)","VLG","20191231","20200630","19172000000,00"
"1933115","51","SOCIEDAD ANONIMA UNIPERSONAL (SAU)","VLG","20181231","20190409","19172000000,00"
"1933133","52","SOCIEDAD POR ACCIONES SIMPLIFICADA","SANDFOX","20201231","20220725","8000000,00"
"1933249","100","ASOCIACION CIVIL","DE TRABAJADORES DEL TANGO DANZA","20191231","20210812","0,00"
"1933249","100","ASOCIACION CIVIL","DE TRABAJADORES DEL TANGO DANZA","20201231","20210812","0,00"
"1933253","52","SOCIEDAD POR ACCIONES SIMPLIFICADA","ARGKYNETEC","20201031","20221221","35666,00"
"1933253","52","SOCIEDAD POR ACCIONES SIMPLIFICADA","ARGKYNETEC","20181031","20221221","21400,00"
"1933253","52","SOCIEDAD POR ACCIONES SIMPLIFICADA","ARGKYNETEC","20191031","20221221","35666,00"
"1933253","52","SOCIEDAD POR ACCIONES SIMPLIFICADA","ARGKYNETEC","20211031","20221221","35666,00"
"1933265","52","SOCIEDAD POR ACCIONES SIMPLIFICADA","DIGITAL FERRETTI","20211231","20220712","21400,00"
"1933285","50","SOC. ANONIMA","HERENCIA TOSCANA","20181231","20191004","200000,00"
"1933290","80","SOCIEDAD EXTRANJERA","PORTING ACCESS B.V.","20181231","20210824","0,00"
"1933290","80","SOCIEDAD EXTRANJERA","PORTING ACCESS B.V.","20201231","20210824","0,00"
"1933290","80","SOCIEDAD EXTRANJERA","PORTING ACCESS B.V.","20191231","20210824","0,00"
"1933311","51","SOCIEDAD ANONIMA UNIPERSONAL (SAU)","CPM MATTERS SUR","20211231","20220428","100000,00"
"1933311","51","SOCIEDAD ANONIMA UNIPERSONAL (SAU)","CPM MATTERS SUR","20201231","20210825","100000,00"
"1933311","51","SOCIEDAD ANONIMA UNIPERSONAL (SAU)","CPM MATTERS SUR","20181231","20190911","100000,00"
"1933337","50","SOC. ANONIMA","SCATEC EQUINOR SOLUTIONS ARGENTINA","20201231","20220509","100,00"
"1933337","50","SOC. ANONIMA","SCATEC EQUINOR SOLUTIONS ARGENTINA","20191231","20220509","100,00"
"1933337","50","SOC. ANONIMA","SCATEC EQUINOR SOLUTIONS ARGENTINA","20181231","20220509","100000,00"
"1933357","50","SOC. ANONIMA","COMPAÑIA EXPORTADORA DE ALIMENTOS","20201231","20220113","100000,00"
"1933357","50","SOC. ANONIMA","COMPAÑIA EXPORTADORA DE ALIMENTOS","20191231","20210113","100000,00"
"1933357","50","SOC. ANONIMA","COMPAÑIA EXPORTADORA DE ALIMENTOS","20181231","20200130","100000,00"
"1933407","52","SOCIEDAD POR ACCIONES SIMPLIFICADA","CISUR INGENIERIA","20201231","20230202","22600,00"
"1933407","52","SOCIEDAD POR ACCIONES SIMPLIFICADA","CISUR INGENIERIA","20211231","20220712","100000,00"
"1933413","52","SOCIEDAD POR ACCIONES SIMPLIFICADA","TRIVU","20210630","20230130","21400,00"
"1933413","52","SOCIEDAD POR ACCIONES SIMPLIFICADA","TRIVU","20200630","20230130","21400,00"
"1933475","80","SOCIEDAD EXTRANJERA","MONCOBRA S.A.","20191231","20221205","0,00"
"1933475","80","SOCIEDAD EXTRANJERA","MONCOBRA S.A.","20181231","20221205","0,00"
"1933475","80","SOCIEDAD EXTRANJERA","MONCOBRA S.A.","20211231","20220920","0,00"
"1933475","80","SOCIEDAD EXTRANJERA","MONCOBRA S.A.","20201231","20220920","0,00"
"1933483","100","ASOCIACION CIVIL","FEDERACION METROPOLIT DE PESAS (FE.ME.PE.) ASOCIACION CIVIL","20210731","20220929","0,00"
"1933483","100","ASOCIACION CIVIL","FEDERACION METROPOLIT DE PESAS (FE.ME.PE.) ASOCIACION CIVIL","20210731","20220110","0,00"
"1933483","100","ASOCIACION CIVIL","FEDERACION METROPOLIT DE PESAS (FE.ME.PE.) ASOCIACION CIVIL","20190731","20210505","0,00"
"1933483","100","ASOCIACION CIVIL","FEDERACION METROPOLIT DE PESAS (FE.ME.PE.) ASOCIACION CIVIL","20200731","20210505","0,00"
"1933594","50","SOC. ANONIMA","COBEC","20210831","20230113","20000,00"
"1933594","50","SOC. ANONIMA","COBEC","20200831","20211014","20000,00"
"1933594","50","SOC. ANONIMA","COBEC","20190831","20211014","20000,00"
"1933603","50","SOC. ANONIMA","CENTRO DE IMAGENES RD","20201231","20210928","2000000,00"
"1933603","50","SOC. ANONIMA","CENTRO DE IMAGENES RD","20181231","20210405","2000000,00"
"1933603","50","SOC. ANONIMA","CENTRO DE IMAGENES RD","20191231","20210405","2000000,00"
"1933669","50","SOC. ANONIMA","MANAGEMENT & FIT","20210630","20221006","100000,00"
"1933669","50","SOC. ANONIMA","MANAGEMENT & FIT","20200630","20221006","100000,00"
"1933669","50","SOC. ANONIMA","MANAGEMENT & FIT","20190630","20221003","100000,00"
"1933685","100","ASOCIACION CIVIL","RUNA ASOCIACION CIVIL","20191231","20211021","0,00"
"1933688","110","FUNDACION","LISTOS YA","20220731","20221130","0,00"
"1933688","110","FUNDACION","LISTOS YA","20210731","20220331","0,00"
"1933688","110","FUNDACION","LISTOS YA","20200731","20210929","0,00"
"1933713","50","SOC. ANONIMA","LE GRAIN","20181231","20210907","100000,00"
"1933713","50","SOC. ANONIMA","LE GRAIN","20191231","20210825","100000,00"
"1933713","50","SOC. ANONIMA","LE GRAIN","20201231","20210825","100000,00"
"1933721","50","SOC. ANONIMA","PHARMACORE","20190930","20210128","100000,00"
"1933802","52","SOCIEDAD POR ACCIONES SIMPLIFICADA","SINLAR SALUD","20210630","20220429","21400,00"
"1933824","52","SOCIEDAD POR ACCIONES SIMPLIFICADA","BSASPROD","20211031","20221110","200000,00"
"1933881","51","SOCIEDAD ANONIMA UNIPERSONAL (SAU)","JCBA","20211231","20221026","100000,00"
"1933881","51","SOCIEDAD ANONIMA UNIPERSONAL (SAU)","JCBA","20201231","20221020","100000000,00"
"1933881","51","SOCIEDAD ANONIMA UNIPERSONAL (SAU)","JCBA","20191231","20221020","100000,00"
"1933881","51","SOCIEDAD ANONIMA UNIPERSONAL (SAU)","JCBA","20181231","20221020","100000,00"
"1933946","52","SOCIEDAD POR ACCIONES SIMPLIFICADA","CALIDAD Y DESARROLLO","20200630","20220713","30000,00"
"1933946","52","SOCIEDAD POR ACCIONES SIMPLIFICADA","CALIDAD Y DESARROLLO","20200630","20211109","30000,00"
"1933985","50","SOC. ANONIMA","COLBOER","20190930","20200228","100000,00"
"1933995","100","ASOCIACION CIVIL","BOMBEROS VOLUNTARIOS NUEVA POMPEYA Y BARRACAS SUR","20211231","20220629","0,00"
"1933995","100","ASOCIACION CIVIL","BOMBEROS VOLUNTARIOS NUEVA POMPEYA Y BARRACAS SUR","20201231","20210908","0,00"
"1933995","100","ASOCIACION CIVIL","BOMBEROS VOLUNTARIOS NUEVA POMPEYA Y BARRACAS SUR","20191231","20210504","0,00"
"1933999","52","SOCIEDAD POR ACCIONES SIMPLIFICADA","LEONE ANGEL","20201031","20230102","21400,00"
"1934017","51","SOCIEDAD ANONIMA UNIPERSONAL (SAU)","MASCARDI PLASTICOS","20211031","20220718","30000000,00"
"1934017","51","SOCIEDAD ANONIMA UNIPERSONAL (SAU)","MASCARDI PLASTICOS","20201031","20210827","30000000,00"
"1934017","51","SOCIEDAD ANONIMA UNIPERSONAL (SAU)","MASCARDI PLASTICOS","20191231","20201210","38191557,59"
"1934049","50","SOC. ANONIMA","RAPIFAST","20211231","20221129","100000,00"
"1934049","50","SOC. ANONIMA","RAPIFAST","20201231","20221129","100000,00"
"1934049","50","SOC. ANONIMA","RAPIFAST","20191231","20210809","100000,00"
"1934049","50","SOC. ANONIMA","RAPIFAST","20181231","20191018","100000,00"
"1934204","50","SOC. ANONIMA","INTEGRAL CARE","20190331","20191213","100000,00"
"1934245","50","SOC. ANONIMA","AIRBUS ARGENTINA","20201231","20210929","17784214,00"
"1934245","50","SOC. ANONIMA","AIRBUS ARGENTINA","20191231","20201104","17784214,00"
"1934245","50","SOC. ANONIMA","AIRBUS ARGENTINA","20181231","20190919","100000,00"
"1934294","50","SOC. ANONIMA","LOCAMI","20211031","20220407","800000,00"
"1934294","50","SOC. ANONIMA","LOCAMI","20191031","20210722","800000,00"
"1934294","50","SOC. ANONIMA","LOCAMI","20201031","20210719","800000,00"
"1934324","80","SOCIEDAD EXTRANJERA","GSJ SOLUTIONS,S.L. SUCURSAL ARGENTINA","20201231","20211129","0,00"
"1934324","80","SOCIEDAD EXTRANJERA","GSJ SOLUTIONS,S.L. SUCURSAL ARGENTINA","20181231","20210405","0,00"
"1934324","80","SOCIEDAD EXTRANJERA","GSJ SOLUTIONS,S.L. SUCURSAL ARGENTINA","20191231","20210323","0,00"
"1934329","50","SOC. ANONIMA","IQ 156 INMOBILIARIOS","20211231","20220628","100000,00"
"1934329","50","SOC. ANONIMA","IQ 156 INMOBILIARIOS","20201231","20210611","100000,00"
"1934329","50","SOC. ANONIMA","IQ 156 INMOBILIARIOS","20191231","20200831","100000,00"
"1934347","50","SOC. ANONIMA","SUMAR INVERSION","20211031","20220429","100000,00"
"1934347","50","SOC. ANONIMA","SUMAR INVERSION","20201031","20210706","100000,00"
"1934347","50","SOC. ANONIMA","SUMAR INVERSION","20191031","20201218","100000,00"
"1934370","50","SOC. ANONIMA","SMILES VIAJES Y TURISMO","20181231","20190809","100000,00"
"1934384","50","SOC. ANONIMA","MALUPA","20190531","20220428","100000,00"
"1934384","50","SOC. ANONIMA","MALUPA","20210531","20220428","100000,00"
"1934384","50","SOC. ANONIMA","MALUPA","20200531","20220407","100000,00"
"1934432","52","SOCIEDAD POR ACCIONES SIMPLIFICADA","DESARROLLOS LAFE","20200630","20210823","21400,00"
"1934432","52","SOCIEDAD POR ACCIONES SIMPLIFICADA","DESARROLLOS LAFE","20210630","20210823","21400,00"
"1934460","52","SOCIEDAD POR ACCIONES SIMPLIFICADA","BRIDGELANE ARGENTINA","20200630","20220916","21400,00"
"1934460","52","SOCIEDAD POR ACCIONES SIMPLIFICADA","BRIDGELANE ARGENTINA","20210630","20220916","21400,00"
"1934463","50","SOC. ANONIMA","LH GLOBAL","20201031","20230126","400000,00"
"1934463","50","SOC. ANONIMA","LH GLOBAL","20211031","20230126","400000,00"
"1934463","50","SOC. ANONIMA","LH GLOBAL","20191031","20230126","400000,00"
"1934467","50","SOC. ANONIMA","INTERDESA","20220331","20221013","5000000,00"
"1934467","50","SOC. ANONIMA","INTERDESA","20210331","20210916","5000000,00"
"1934467","50","SOC. ANONIMA","INTERDESA","20200331","20201221","5000000,00"
"1934467","50","SOC. ANONIMA","INTERDESA","20190331","20190903","5000000,00"
"1934475","50","SOC. ANONIMA","BYMA INVERSORA","20211231","20220322","100000,00"
"1934475","50","SOC. ANONIMA","BYMA INVERSORA","20201231","20210318","100000,00"
"1934475","50","SOC. ANONIMA","BYMA INVERSORA","20191231","20201218","100000,00"
"1934475","50","SOC. ANONIMA","BYMA INVERSORA","20181231","20190315","100000,00"
"1934490","140","CAMARA","ARGENTINO PORTUGUESA DE COMERCIO ASOCIACION CIVIL","20200630","20211019","0,00"
"1934490","140","CAMARA","ARGENTINO PORTUGUESA DE COMERCIO ASOCIACION CIVIL","20210930","20220207","0,00"
"1934490","140","CAMARA","ARGENTINO PORTUGUESA DE COMERCIO ASOCIACION CIVIL","20190930","20200306","0,00"
"1934499","100","ASOCIACION CIVIL","ASOC DE ALIMENTOS Y COCINAS REGIONALES DE LAS AMERICAS-AS CI","20191231","20221117","0,00"
"1934499","100","ASOCIACION CIVIL","ASOC DE ALIMENTOS Y COCINAS REGIONALES DE LAS AMERICAS-AS CI","20201231","20221117","0,00"
"1934499","100","ASOCIACION CIVIL","ASOC DE ALIMENTOS Y COCINAS REGIONALES DE LAS AMERICAS-AS CI","20181231","20221114","0,00"
"1934515","52","SOCIEDAD POR ACCIONES SIMPLIFICADA","AGROPECUARIA AYMARA","20201231","20220126","21400,00"
"1934559","50","SOC. ANONIMA","CONSULTORA MILO","20190430","20200303","100000,00"
"1934595","170","UNION TRANSITORIA","KAPSCH TRAFFICCOM TRANSPORTAT ARGENTIN S.A.-ROWING S.A.-U.T.","20220331","20230210","0,00"
"1934595","170","UNION TRANSITORIA","KAPSCH TRAFFICCOM TRANSPORTAT ARGENTIN S.A.-ROWING S.A.-U.T.","20210331","20220526","0,00"
"1934595","170","UNION TRANSITORIA","KAPSCH TRAFFICCOM TRANSPORTAT ARGENTIN S.A.-ROWING S.A.-U.T.","20200331","20201120","0,00"
"1934595","170","UNION TRANSITORIA","KAPSCH TRAFFICCOM TRANSPORTAT ARGENTIN S.A.-ROWING S.A.-U.T.","20190331","20200422","0,00"
"1934616","50","SOC. ANONIMA","LEGAL CHECK","20211231","20221013","463640,00"
"1934616","50","SOC. ANONIMA","LEGAL CHECK","20201231","20211229","463640,00"
"1934616","50","SOC. ANONIMA","LEGAL CHECK","20191231","20210729","161908,00"
"1934616","50","SOC. ANONIMA","LEGAL CHECK","20181231","20200114","154297,00"
"1934620","50","SOC. ANONIMA","BOMBARDIER TRANSPORTATION RAIL ARGENTINA","20201231","20211216","100000,00"
"1934620","50","SOC. ANONIMA","BOMBARDIER TRANSPORTATION RAIL ARGENTINA","20191231","20211214","100000,00"
"1934620","50","SOC. ANONIMA","BOMBARDIER TRANSPORTATION RAIL ARGENTINA","20181231","20211214","100000,00"
"1934627","50","SOC. ANONIMA","PRINTPLOTTER GROUP","20190630","20200113","350000,00"
"1934630","51","SOCIEDAD ANONIMA UNIPERSONAL (SAU)","AXIOMA ARGENTINA","20191231","20210422","100000,00"
"1934630","51","SOCIEDAD ANONIMA UNIPERSONAL (SAU)","AXIOMA ARGENTINA","20190331","20200422","100000,00"
"1934653","50","SOC. ANONIMA","GREEN ARMOR CAUDALES","20211231","20221003","100000,00"
"1934653","50","SOC. ANONIMA","GREEN ARMOR CAUDALES","20201231","20220314","100000,00"
"1934653","50","SOC. ANONIMA","GREEN ARMOR CAUDALES","20191231","20220314","100000,00"
"1934653","50","SOC. ANONIMA","GREEN ARMOR CAUDALES","20181231","20220314","100000,00"
"1934672","50","SOC. ANONIMA","M2C","20211231","20220802","120000,00"
"1934672","50","SOC. ANONIMA","M2C","20201231","20210928","120000,00"
"1934672","50","SOC. ANONIMA","M2C","20191231","20210928","120000,00"
"1934672","50","SOC. ANONIMA","M2C","20181231","20190610","120000,00"
"1934717","50","SOC. ANONIMA","TINTAS FARBEN","20201231","20221215","1000000,00"
"1934719","50","SOC. ANONIMA","ASOCIACION BARRIO PIONEROS","20210630","20220901","100100,00"
"1934719","50","SOC. ANONIMA","ASOCIACION BARRIO PIONEROS","20200630","20220323","100100,00"
"1934719","50","SOC. ANONIMA","ASOCIACION BARRIO PIONEROS","20190630","20220323","100100,00"
"1934721","50","SOC. ANONIMA","VERISURE ARGENTINA MONITOREO DE ALARMAS","20211231","20220711","2683777648,00"
"1934721","50","SOC. ANONIMA","VERISURE ARGENTINA MONITOREO DE ALARMAS","20201231","20211214","1113592319,00"
"1934721","50","SOC. ANONIMA","VERISURE ARGENTINA MONITOREO DE ALARMAS","20191231","20201210","407607597,01"
"1934721","50","SOC. ANONIMA","VERISURE ARGENTINA MONITOREO DE ALARMAS","20181231","20191025","100000,00"
"1934866","80","SOCIEDAD EXTRANJERA","BANK OF CHINA LIMITED SUCURSAL BUENOS AIRES","20211231","20220603","0,00"
"1934866","80","SOCIEDAD EXTRANJERA","BANK OF CHINA LIMITED SUCURSAL BUENOS AIRES","20201231","20210506","0,00"
"1934866","80","SOCIEDAD EXTRANJERA","BANK OF CHINA LIMITED SUCURSAL BUENOS AIRES","20191231","20200923","0,00"
"1934878","52","SOCIEDAD POR ACCIONES SIMPLIFICADA","GR ARQUITECTURA","20211231","20230113","22600,00"
"1934878","52","SOCIEDAD POR ACCIONES SIMPLIFICADA","GR ARQUITECTURA","20201231","20210820","22600,00"
"1934926","50","SOC. ANONIMA","A.R.M. ADJUSTERS","20210731","20221019","100000,00"
"1934926","50","SOC. ANONIMA","A.R.M. ADJUSTERS","20200731","20210429","100000,00"
"1934926","50","SOC. ANONIMA","A.R.M. ADJUSTERS","20190731","20210429","100000,00"
"1934987","100","ASOCIACION CIVIL","OBSERVA DE DERECHO INFORMA ARGENTI- O.D.I.A. - ASOCIAC CIVIL","20211231","20221128","0,00"
"1934987","100","ASOCIACION CIVIL","OBSERVA DE DERECHO INFORMA ARGENTI- O.D.I.A. - ASOCIAC CIVIL","20201231","20211130","0,00"
"1934987","100","ASOCIACION CIVIL","OBSERVA DE DERECHO INFORMA ARGENTI- O.D.I.A. - ASOCIAC CIVIL","20191231","20201230","0,00"
"1934988","110","FUNDACION","LA BANCARIA","20210630","20220201","0,00"
"1934988","110","FUNDACION","LA BANCARIA","20200630","20211130","0,00"
"1935052","51","SOCIEDAD ANONIMA UNIPERSONAL (SAU)","LOJAS RENNER ARGENTINA","20211231","20220707","2452429991,00"
"1935052","51","SOCIEDAD ANONIMA UNIPERSONAL (SAU)","LOJAS RENNER ARGENTINA","20201231","20210907","2035494438,00"
"1935052","51","SOCIEDAD ANONIMA UNIPERSONAL (SAU)","LOJAS RENNER ARGENTINA","20191231","20200924","1376669080,00"
"1935052","51","SOCIEDAD ANONIMA UNIPERSONAL (SAU)","LOJAS RENNER ARGENTINA","20181231","20190425","100000,00"
"1935067","100","ASOCIACION CIVIL","ASO COOPERADORA DEL INSTITUTO LIBRE DE SEGUNDA ESE¥A ASO CIV","20120630","20211201","0,00"
"1935067","100","ASOCIACION CIVIL","ASO COOPERADORA DEL INSTITUTO LIBRE DE SEGUNDA ESE¥A ASO CIV","20200630","20211201","0,00"
"1935067","100","ASOCIACION CIVIL","ASO COOPERADORA DEL INSTITUTO LIBRE DE SEGUNDA ESE¥A ASO CIV","20210630","20211201","0,00"
"1935080","100","ASOCIACION CIVIL","SOC CIE D MED, SAL Y SEG EN EL TRA D LA CIU D BS AS ASO CIV","20210630","20210929","0,00"
"1935082","110","FUNDACION","JUAN BATLLE PLANAS","20201231","20220413","0,00"
"1935123","50","SOC. ANONIMA","CAJA FIDUCIARIA","20211231","20220322","100000,00"
"1935123","50","SOC. ANONIMA","CAJA FIDUCIARIA","20201231","20210318","100000,00"
"1935123","50","SOC. ANONIMA","CAJA FIDUCIARIA","20191231","20200422","100000,00"
"1935123","50","SOC. ANONIMA","CAJA FIDUCIARIA","20181231","20190315","100000,00"
"1935151","50","SOC. ANONIMA","LAS CARRINGTON","20201231","20220420","3100000,00"
"1935151","50","SOC. ANONIMA","LAS CARRINGTON","20191231","20210604","3100000,00"
"1935151","50","SOC. ANONIMA","LAS CARRINGTON","20181231","20210112","100000,00"
"1935202","50","SOC. ANONIMA","BERUTI HABITAT","20211031","20220420","8000000,00"
"1935202","50","SOC. ANONIMA","BERUTI HABITAT","20201031","20210805","8000000,00"
"1935202","50","SOC. ANONIMA","BERUTI HABITAT","20191031","20210805","8000000,00"
"1935224","50","SOC. ANONIMA","TECVAL SOFTWARE","20211231","20220322","100000,00"
"1935224","50","SOC. ANONIMA","TECVAL SOFTWARE","20201231","20210318","100000,00"
"1935224","50","SOC. ANONIMA","TECVAL SOFTWARE","20191231","20200422","100000,00"
"1935224","50","SOC. ANONIMA","TECVAL SOFTWARE","20181231","20190315","100000,00"
"1935348","51","SOCIEDAD ANONIMA UNIPERSONAL (SAU)","GEOPARK ARGENTINA","20211231","20221212","4772687,00"
"1935348","51","SOCIEDAD ANONIMA UNIPERSONAL (SAU)","GEOPARK ARGENTINA","20201231","20210824","4681607,00"
"1935348","51","SOCIEDAD ANONIMA UNIPERSONAL (SAU)","GEOPARK ARGENTINA","20191231","20210423","4348533,00"
"1935413","100","ASOCIACION CIVIL","PISTA URBANA ASOCIACION CIVIL","20191231","20201104","0,00"
"1935413","100","ASOCIACION CIVIL","PISTA URBANA ASOCIACION CIVIL","20181231","20201104","0,00"
"1935418","50","SOC. ANONIMA","MADELCAR","20191231","20221024","100000,00"
"1935418","50","SOC. ANONIMA","MADELCAR","20201231","20221024","100000,00"
"1935418","50","SOC. ANONIMA","MADELCAR","20211231","20221024","100000,00"
"1935420","50","SOC. ANONIMA","SAÑUHE","20190630","20220314","182777,00"
"1935420","50","SOC. ANONIMA","SAÑUHE","20200630","20220314","182777,00"
"1935420","50","SOC. ANONIMA","SAÑUHE","20210630","20220314","182777,00"
"1935434","50","SOC. ANONIMA","CHECHEGA","20211231","20220711","120000,00"
"1935434","50","SOC. ANONIMA","CHECHEGA","20201231","20210614","120000,00"
"1935434","50","SOC. ANONIMA","CHECHEGA","20191231","20210614","120000,00"
"1935434","50","SOC. ANONIMA","CHECHEGA","20181231","20210614","120000,00"
"1935503","50","SOC. ANONIMA","TECHELDER","20210331","20220519","100000,00"
"1935517","100","ASOCIACION CIVIL","VITALE CORPO (CUERPO VITAL)","20181231","20191125","0,00"
"1935533","50","SOC. ANONIMA","AER CR","20211130","20221207","100000,00"
"1935533","50","SOC. ANONIMA","AER CR","20191130","20210915","100000,00"
"1935533","50","SOC. ANONIMA","AER CR","20201130","20210915","100000,00"
"1935547","50","SOC. ANONIMA","UNIVERSAL AVIATION ARGENTINA","20211231","20220201","100000,00"
"1935547","50","SOC. ANONIMA","UNIVERSAL AVIATION ARGENTINA","20201231","20211229","100000,00"
"1935547","50","SOC. ANONIMA","UNIVERSAL AVIATION ARGENTINA","20191231","20211229","100000,00"
"1935547","50","SOC. ANONIMA","UNIVERSAL AVIATION ARGENTINA","20181231","20211229","100000,00"
"1935557","50","SOC. ANONIMA","GRUPET","20201231","20210916","2000000,00"
"1935557","50","SOC. ANONIMA","GRUPET","20191231","20210916","2000000,00"
"1935597","50","SOC. ANONIMA","CODIPSA","20211231","20220729","300000,00"
"1935605","51","SOCIEDAD ANONIMA UNIPERSONAL (SAU)","LAS TRES VIRGENES","20210630","20230202","441697,00"
"1935605","51","SOCIEDAD ANONIMA UNIPERSONAL (SAU)","LAS TRES VIRGENES","20200630","20230202","441697,00"
"1935605","51","SOCIEDAD ANONIMA UNIPERSONAL (SAU)","LAS TRES VIRGENES","20190630","20191031","100000,00"
"1935612","51","SOCIEDAD ANONIMA UNIPERSONAL (SAU)","PAMPA MARIA","20210630","20220506","394200,00"
"1935612","51","SOCIEDAD ANONIMA UNIPERSONAL (SAU)","PAMPA MARIA","20200630","20210729","562765,81"
"1935612","51","SOCIEDAD ANONIMA UNIPERSONAL (SAU)","PAMPA MARIA","20190630","20191031","100000,00"
"1935614","50","SOC. ANONIMA","CHISPA PARA EL MUNDO","20190930","20211202","500000,00"
"1935614","50","SOC. ANONIMA","CHISPA PARA EL MUNDO","20200930","20211202","500000,00"
"1935620","51","SOCIEDAD ANONIMA UNIPERSONAL (SAU)","PAMPA MORA","20210630","20220506","493900,00"
"1935620","51","SOCIEDAD ANONIMA UNIPERSONAL (SAU)","PAMPA MORA","20200630","20210729","705099,02"
"1935620","51","SOCIEDAD ANONIMA UNIPERSONAL (SAU)","PAMPA MORA","20190630","20191031","100000,00"
"1935625","51","SOCIEDAD ANONIMA UNIPERSONAL (SAU)","TRES PAMPAS","20210630","20220506","488900,00"
"1935625","51","SOCIEDAD ANONIMA UNIPERSONAL (SAU)","TRES PAMPAS","20200630","20210729","697960,95"
"1935625","51","SOCIEDAD ANONIMA UNIPERSONAL (SAU)","TRES PAMPAS","20190630","20191031","100000,00"
"1935665","50","SOC. ANONIMA","GM2 REAL ESTATE","20181231","20191203","200000,00"
"1935727","52","SOCIEDAD POR ACCIONES SIMPLIFICADA","PLANTA PILLAHUINCO","20220331","20221216","45000000,00"
"1935727","52","SOCIEDAD POR ACCIONES SIMPLIFICADA","PLANTA PILLAHUINCO","20210331","20211221","15000000,00"
"1935735","52","SOCIEDAD POR ACCIONES SIMPLIFICADA","B&M AGENCIA MAR¿TIMA","20211231","20220929","22600,00"
"1935735","52","SOCIEDAD POR ACCIONES SIMPLIFICADA","B&M AGENCIA MAR¿TIMA","20201231","20211216","22600,00"
"1935781","110","FUNDACION","KOSICE","20201231","20211214","0,00"
"1935781","110","FUNDACION","KOSICE","20191231","20211214","0,00"
"1935783","100","ASOCIACION CIVIL","GEOLIBRES ASOCIACION CIVIL","20191130","20201102","0,00"
"1935790","50","SOC. ANONIMA","ELZEN ABOGADOS","20181231","20210223","100000,00"
"1935852","100","ASOCIACION CIVIL","CLUB VILLAS UNIDAS","20211231","20221031","0,00"
"1935852","100","ASOCIACION CIVIL","CLUB VILLAS UNIDAS","20191231","20220221","0,00"
"1935870","100","ASOCIACION CIVIL","MEDICINA DEL ESTILO DE VIDA ASOCIACION CIVIL (MEVAC)","20220630","20221221","0,00"
"1935870","100","ASOCIACION CIVIL","MEDICINA DEL ESTILO DE VIDA ASOCIACION CIVIL (MEVAC)","20210630","20210923","0,00"
"1935870","100","ASOCIACION CIVIL","MEDICINA DEL ESTILO DE VIDA ASOCIACION CIVIL (MEVAC)","20200630","20210111","0,00"
"1935870","100","ASOCIACION CIVIL","MEDICINA DEL ESTILO DE VIDA ASOCIACION CIVIL (MEVAC)","20190630","20191223","0,00"
"1935879","80","SOCIEDAD EXTRANJERA","THE LANE CONSTRUCTION CORPORATION","20201231","20220307","0,00"
"1935901","110","FUNDACION","TGS","20181231","20210618","0,00"
"1935901","110","FUNDACION","TGS","20201231","20210618","0,00"
"1935901","110","FUNDACION","TGS","20191231","20210618","0,00"
"1935902","100","ASOCIACION CIVIL","GRUPO SILVETSTRE, POR LA CONSERVACION DE LA BIODIVERSIDAD","20210331","20220923","0,00"
"1935902","100","ASOCIACION CIVIL","GRUPO SILVETSTRE, POR LA CONSERVACION DE LA BIODIVERSIDAD","20200331","20220923","0,00"
"1935915","52","SOCIEDAD POR ACCIONES SIMPLIFICADA","CONCEPTO SIMPLE","20201031","20220729","22600,00"
"1935915","52","SOCIEDAD POR ACCIONES SIMPLIFICADA","CONCEPTO SIMPLE","20211031","20220726","22600,00"
"1935915","52","SOCIEDAD POR ACCIONES SIMPLIFICADA","CONCEPTO SIMPLE","20191031","20220722","22600,00"
"1935919","50","SOC. ANONIMA","SCALONE CARREÑO IÑIGUEZ & ASOCIADOS","20191231","20210624","100000,00"
"1935919","50","SOC. ANONIMA","SCALONE CARREÑO IÑIGUEZ & ASOCIADOS","20181231","20210624","100000,00"
"1935924","50","SOC. ANONIMA","ESTUDIO FURLONE","20200630","20220128","3000000,00"
"1935924","50","SOC. ANONIMA","ESTUDIO FURLONE","20190630","20220113","100000,00"
"1935939","100","ASOCIACION CIVIL","PROYECTO SIGNOS ASOCIACION CIVIL","20211031","20220727","0,00"
"1935939","100","ASOCIACION CIVIL","PROYECTO SIGNOS ASOCIACION CIVIL","20201031","20210421","0,00"
"1935939","100","ASOCIACION CIVIL","PROYECTO SIGNOS ASOCIACION CIVIL","20191031","20200305","0,00"
"1935947","50","SOC. ANONIMA","ENERLAND GROUP","20181231","20220125","120000,00"
"1935947","50","SOC. ANONIMA","ENERLAND GROUP","20191231","20220125","2480750,00"
"1935947","50","SOC. ANONIMA","ENERLAND GROUP","20201231","20211014","2480750,00"
"1936005","52","SOCIEDAD POR ACCIONES SIMPLIFICADA","LILABY","20201231","20210922","22600,00"
"1936079","110","FUNDACION","INTRAMUROS","20200831","20210922","0,00"
"1936121","80","SOCIEDAD EXTRANJERA","BAGGERWERKEN DECLOEDT EN ZOON S.A.","20191231","20220704","0,00"
"1936121","80","SOCIEDAD EXTRANJERA","BAGGERWERKEN DECLOEDT EN ZOON S.A.","20201231","20210812","0,00"
"1936145","50","SOC. ANONIMA","BFB SOLUCIONES","20211231","20220530","100000,00"
"1936145","50","SOC. ANONIMA","BFB SOLUCIONES","20201231","20210820","100000,00"
"1936145","50","SOC. ANONIMA","BFB SOLUCIONES","20191231","20200901","100000,00"
"1936152","50","SOC. ANONIMA","PORTOFINO ARGENTINA","20181231","20220715","140000,00"
"1936152","50","SOC. ANONIMA","PORTOFINO ARGENTINA","20201231","20220715","140000,00"
"1936152","50","SOC. ANONIMA","PORTOFINO ARGENTINA","20191231","20220715","140000,00"
"1936169","51","SOCIEDAD ANONIMA UNIPERSONAL (SAU)","IBERAPA ARGENTINA","20201231","20221026","100000,00"
"1936169","51","SOCIEDAD ANONIMA UNIPERSONAL (SAU)","IBERAPA ARGENTINA","20191231","20210318","100000,00"
"1936174","51","SOCIEDAD ANONIMA UNIPERSONAL (SAU)","CASPR BIOTECH","20191231","20221123","4292858,00"
"1936174","51","SOCIEDAD ANONIMA UNIPERSONAL (SAU)","CASPR BIOTECH","20211231","20220225","237125000,00"
"1936174","51","SOCIEDAD ANONIMA UNIPERSONAL (SAU)","CASPR BIOTECH","20201231","20210730","237125000,00"
"1936174","51","SOCIEDAD ANONIMA UNIPERSONAL (SAU)","CASPR BIOTECH","20181231","20210318","100000,00"
"1936248","110","FUNDACION","OTORRINOLARINGOLOGICA ARGENTINA (FORLA)","20200630","20220322","0,00"
"1936248","110","FUNDACION","OTORRINOLARINGOLOGICA ARGENTINA (FORLA)","20210630","20220322","0,00"
"1936249","50","SOC. ANONIMA","COMERCIALIZADORA SOTAVENTO CONO SUR","20190331","20210614","100000,00"
"1936249","50","SOC. ANONIMA","COMERCIALIZADORA SOTAVENTO CONO SUR","20200331","20210614","100000,00"
"1936249","50","SOC. ANONIMA","COMERCIALIZADORA SOTAVENTO CONO SUR","20210331","20210614","100000,00"
"1936254","80","SOCIEDAD EXTRANJERA","CCCC SHANGHAI DREDGING CO., LTD.","20201231","20220816","0,00"
"1936254","80","SOCIEDAD EXTRANJERA","CCCC SHANGHAI DREDGING CO., LTD.","20211231","20220816","0,00"
"1936259","50","SOC. ANONIMA","BELL SUR","20211031","20220408","3000000,00"
"1936259","50","SOC. ANONIMA","BELL SUR","20201031","20220408","3000000,00"
"1936259","50","SOC. ANONIMA","BELL SUR","20191031","20220408","3000000,00"
"1936315","80","SOCIEDAD EXTRANJERA","SDA SEARCHER DATA ANALYTICS LIMITED","20191231","20221213","0,00"
"1936315","80","SOCIEDAD EXTRANJERA","SDA SEARCHER DATA ANALYTICS LIMITED","20181231","20221213","0,00"
"1936315","80","SOCIEDAD EXTRANJERA","SDA SEARCHER DATA ANALYTICS LIMITED","20201231","20221213","0,00"
"1936315","80","SOCIEDAD EXTRANJERA","SDA SEARCHER DATA ANALYTICS LIMITED","20211231","20221213","0,00"
"1936325","50","SOC. ANONIMA","FAST & FRESH","20201231","20220907","100000,00"
"1936399","50","SOC. ANONIMA","MODULO CREATIVO","20200831","20220315","1000000,00"
"1936399","50","SOC. ANONIMA","MODULO CREATIVO","20190831","20210518","1000000,00"
"1936408","50","SOC. ANONIMA","SALUTE MISSION CRITICAL","20201231","20220707","500000,00"
"1936408","50","SOC. ANONIMA","SALUTE MISSION CRITICAL","20191231","20220707","500000,00"
"1936418","50","SOC. ANONIMA","DO¥A REBECA","20211031","20220722","1774277,00"
"1936418","50","SOC. ANONIMA","DO¥A REBECA","20201031","20220225","1774277,00"
"1936418","50","SOC. ANONIMA","DO¥A REBECA","20191031","20220225","1774277,00"
"1936431","50","SOC. ANONIMA","C Y C MARKETING Y EVENTOS","20211231","20221028","100000,00"
"1936431","50","SOC. ANONIMA","C Y C MARKETING Y EVENTOS","20201231","20211206","100000,00"
"1936431","50","SOC. ANONIMA","C Y C MARKETING Y EVENTOS","20191231","20201223","100000,00"
"1936444","50","SOC. ANONIMA","ESTABLECIMIENTO EL RECADO","20210630","20220511","200000,00"
"1936444","50","SOC. ANONIMA","ESTABLECIMIENTO EL RECADO","20200630","20210428","200000,00"
"1936444","50","SOC. ANONIMA","ESTABLECIMIENTO EL RECADO","20190630","20201223","200000,00"
"1936445","50","SOC. ANONIMA","ESTABLECIMIENTO LA MANUELITA","20210630","20220412","200000,00"
"1936445","50","SOC. ANONIMA","ESTABLECIMIENTO LA MANUELITA","20200630","20210623","200000,00"
"1936445","50","SOC. ANONIMA","ESTABLECIMIENTO LA MANUELITA","20190630","20210112","200000,00"
"1936446","50","SOC. ANONIMA","EL IKIGAI","20210630","20220511","200000,00"
"1936446","50","SOC. ANONIMA","EL IKIGAI","20200630","20210428","200000,00"
"1936446","50","SOC. ANONIMA","EL IKIGAI","20190630","20201223","200000,00"
"1936447","50","SOC. ANONIMA","LA MAGNOLIA DEL MAYU","20210630","20220412","200000,00"
"1936447","50","SOC. ANONIMA","LA MAGNOLIA DEL MAYU","20200630","20210623","200000,00"
"1936447","50","SOC. ANONIMA","LA MAGNOLIA DEL MAYU","20190630","20210112","200000,00"
"1936502","50","SOC. ANONIMA","M.COOK","20191231","20210201","100000,00"
"1936522","50","SOC. ANONIMA","BERAZATEGUI PARKING","20190630","20201222","100000,00"
"1936559","110","FUNDACION","ALEBRIJES ARTE CON TODOS","20211031","20220628","0,00"
"1936559","110","FUNDACION","ALEBRIJES ARTE CON TODOS","20201031","20211203","0,00"
"1936559","110","FUNDACION","ALEBRIJES ARTE CON TODOS","20191031","20211203","0,00"
"1936561","50","SOC. ANONIMA","H INTERMEDIA","20190831","20200130","400000,00"
"1936564","80","SOCIEDAD EXTRANJERA","BAILLIE GIFFORD OVERSEAS LIMITED","20210331","20210811","0,00"
"1936564","80","SOCIEDAD EXTRANJERA","BAILLIE GIFFORD OVERSEAS LIMITED","20200331","20201111","0,00"
"1936593","50","SOC. ANONIMA","LATUS VIEW","20200930","20210902","100000,00"
"1936593","50","SOC. ANONIMA","LATUS VIEW","20191231","20210902","100000,00"
"1936594","100","ASOCIACION CIVIL","TE AMO PERU","20191231","20220504","0,00"
"1936594","100","ASOCIACION CIVIL","TE AMO PERU","20201231","20210826","0,00"
"1936600","50","SOC. ANONIMA","EL CUARTEL PROPIEDADES","20200430","20221005","22250000,00"
"1936600","50","SOC. ANONIMA","EL CUARTEL PROPIEDADES","20210430","20220104","23658104,00"
"1936604","50","SOC. ANONIMA","FOURA","20210930","20220718","1300000,00"
"1936604","50","SOC. ANONIMA","FOURA","20200930","20210507","1300000,00"
"1936604","50","SOC. ANONIMA","FOURA","20190930","20200129","1300000,00"
"1936609","50","SOC. ANONIMA","SUROT","20211231","20221028","100000,00"
"1936609","50","SOC. ANONIMA","SUROT","20201231","20210728","100000,00"
"1936609","50","SOC. ANONIMA","SUROT","20191231","20210224","100000,00"
"1936623","50","SOC. ANONIMA","MERCEDES-BENZ SERVICIOS","20211231","20221101","1575888935,00"
"1936623","50","SOC. ANONIMA","MERCEDES-BENZ SERVICIOS","20201231","20221101","1575888935,00"
"1936623","50","SOC. ANONIMA","MERCEDES-BENZ SERVICIOS","20191231","20221027","100000,00"
"1936628","50","SOC. ANONIMA","LIMPIDO","20210731","20230119","15000,00"
"1936645","50","SOC. ANONIMA","DACAS GLOBAL","20191231","20230124","300000,00"
"1936645","50","SOC. ANONIMA","DACAS GLOBAL","20201231","20230124","300000,00"
"1936645","50","SOC. ANONIMA","DACAS GLOBAL","20211231","20230124","300000,00"
"1936657","100","ASOCIACION CIVIL","EL JOAQUIN TV USINA AUDIOVISUAL DOCENTE","20191231","20201230","0,00"
"1936687","51","SOCIEDAD ANONIMA UNIPERSONAL (SAU)","CELLTRION HEALTHCARE ARGENTINA","20191231","20210312","1205000,00"
"1936689","51","SOCIEDAD ANONIMA UNIPERSONAL (SAU)","LIMONEIRA ARGENTINA","20201031","20220509","338595000,00"
"1936689","51","SOCIEDAD ANONIMA UNIPERSONAL (SAU)","LIMONEIRA ARGENTINA","20191031","20220509","338595000,00"
"1936708","50","SOC. ANONIMA","KCR PACHECO","20201231","20220303","41030582,00"
"1936708","50","SOC. ANONIMA","KCR PACHECO","20191231","20210323","41030582,00"
"1936710","50","SOC. ANONIMA","KCR ALCORTA","20211231","20220907","281188128,00"
"1936710","50","SOC. ANONIMA","KCR ALCORTA","20201231","20210505","281188128,00"
"1936710","50","SOC. ANONIMA","KCR ALCORTA","20191231","20201028","281188128,00"
"1936726","50","SOC. ANONIMA","AGROPECUARIA LA ADRIANA","20220331","20221130","100002,00"
"1936726","50","SOC. ANONIMA","AGROPECUARIA LA ADRIANA","20210331","20211022","100002,00"
"1936726","50","SOC. ANONIMA","AGROPECUARIA LA ADRIANA","20200331","20201014","100002,00"
"1936726","50","SOC. ANONIMA","AGROPECUARIA LA ADRIANA","20190331","20191106","100002,00"
"1936737","52","SOCIEDAD POR ACCIONES SIMPLIFICADA","EMERBEN","20211031","20220816","22600,00"
"1936737","52","SOCIEDAD POR ACCIONES SIMPLIFICADA","EMERBEN","20201031","20220816","22600,00"
"1936797","50","SOC. ANONIMA","AFFINITAS ARGENTINA","20201231","20211012","500000,00"
"1936797","50","SOC. ANONIMA","AFFINITAS ARGENTINA","20191231","20211012","500000,00"
"1936862","51","SOCIEDAD ANONIMA UNIPERSONAL (SAU)","CP LOS OLIVOS","20191231","20201028","371088980,00"
"1936864","51","SOCIEDAD ANONIMA UNIPERSONAL (SAU)","CP MANQUE","20191231","20201028","807034664,00"
"1936943","52","SOCIEDAD POR ACCIONES SIMPLIFICADA","IMPACT HUB BUENOS AIRES","20211231","20230130","22600,00"
"1936943","52","SOCIEDAD POR ACCIONES SIMPLIFICADA","IMPACT HUB BUENOS AIRES","20201231","20211227","22600,00"
"1936982","50","SOC. ANONIMA","LEGADOS","20210131","20211102","108000,00"
"1936982","50","SOC. ANONIMA","LEGADOS","20190131","20201113","108000,00"
"1936982","50","SOC. ANONIMA","LEGADOS","20200131","20201113","108000,00"
"1936986","51","SOCIEDAD ANONIMA UNIPERSONAL (SAU)","CASPOSO ENERGIAS RENOVABLES","20211231","20230102","100000,00"
"1936986","51","SOCIEDAD ANONIMA UNIPERSONAL (SAU)","CASPOSO ENERGIAS RENOVABLES","20191231","20211201","100000,00"
"1936986","51","SOCIEDAD ANONIMA UNIPERSONAL (SAU)","CASPOSO ENERGIAS RENOVABLES","20201231","20211201","100000,00"
"1936986","51","SOCIEDAD ANONIMA UNIPERSONAL (SAU)","CASPOSO ENERGIAS RENOVABLES","20181231","20211101","100000,00"
"1936997","50","SOC. ANONIMA","EL PARUCO","20220131","20230206","1000000,00"
"1937022","50","SOC. ANONIMA","LUZ DEL RIO","20211231","20220511","100000,00"
"1937022","50","SOC. ANONIMA","LUZ DEL RIO","20201231","20210929","100000,00"
"1937022","50","SOC. ANONIMA","LUZ DEL RIO","20191231","20210125","100000,00"
"1937040","80","SOCIEDAD EXTRANJERA","AE INDUSTRY GMBH","20211231","20221128","0,00"
"1937040","80","SOCIEDAD EXTRANJERA","AE INDUSTRY GMBH","20191231","20211227","8684000,00"
"1937040","80","SOCIEDAD EXTRANJERA","AE INDUSTRY GMBH","20201231","20211115","0,00"
"1937094","51","SOCIEDAD ANONIMA UNIPERSONAL (SAU)","MERCEDES-BENZ CAMIONES Y BUSES ARGENTINA","20211231","20220428","4179181066,00"
"1937094","51","SOCIEDAD ANONIMA UNIPERSONAL (SAU)","MERCEDES-BENZ CAMIONES Y BUSES ARGENTINA","20201231","20210730","4179181066,00"
"1937094","51","SOCIEDAD ANONIMA UNIPERSONAL (SAU)","MERCEDES-BENZ CAMIONES Y BUSES ARGENTINA","20191231","20210325","100000,00"
"1937113","50","SOC. ANONIMA","MANTISCO","20210101","20211101","3620518,84"
"1937119","100","ASOCIACION CIVIL","ASOCIACION ARGENTINA DE AIKIDO KENZO MIYAZAWA ASOCIACION CIV","20211231","20221206","0,00"
"1937119","100","ASOCIACION CIVIL","ASOCIACION ARGENTINA DE AIKIDO KENZO MIYAZAWA ASOCIACION CIV","20201231","20221206","0,00"
"1937119","100","ASOCIACION CIVIL","ASOCIACION ARGENTINA DE AIKIDO KENZO MIYAZAWA ASOCIACION CIV","20191231","20221206","0,00"
"1937234","52","SOCIEDAD POR ACCIONES SIMPLIFICADA","MTBIKE CICLOTURISMO","20211231","20220913","22600,00"
"1937234","52","SOCIEDAD POR ACCIONES SIMPLIFICADA","MTBIKE CICLOTURISMO","20191231","20211004","22600,00"
"1937234","52","SOCIEDAD POR ACCIONES SIMPLIFICADA","MTBIKE CICLOTURISMO","20201231","20211004","22600,00"
"1937298","50","SOC. ANONIMA","EUSTAQUIO FRIAS 545","20200731","20210602","180000,00"
"1937313","51","SOCIEDAD ANONIMA UNIPERSONAL (SAU)","NETSCOUT SYSTEMS ARGENTINA","20220331","20221202","100000,00"
"1937313","51","SOCIEDAD ANONIMA UNIPERSONAL (SAU)","NETSCOUT SYSTEMS ARGENTINA","20210331","20220526","100000,00"
"1937313","51","SOCIEDAD ANONIMA UNIPERSONAL (SAU)","NETSCOUT SYSTEMS ARGENTINA","20200331","20210602","100000,00"
"1937313","51","SOCIEDAD ANONIMA UNIPERSONAL (SAU)","NETSCOUT SYSTEMS ARGENTINA","20190331","20210602","100000,00"
"1937322","50","SOC. ANONIMA","ENE 4","20191231","20210922","100000,00"
"1937322","50","SOC. ANONIMA","ENE 4","20201231","20210922","100000,00"
"1937391","110","FUNDACION","RESPIRAR COMUNIDAD","20201231","20211203","0,00"
"1937391","110","FUNDACION","RESPIRAR COMUNIDAD","20191231","20211203","0,00"
"1937411","50","SOC. ANONIMA","LA TOIA 1","20201231","20220510","22600,00"
"1937465","50","SOC. ANONIMA","GMOON","20210228","20221026","100000,00"
"1937465","50","SOC. ANONIMA","GMOON","20200228","20221026","100000,00"
"1937465","50","SOC. ANONIMA","GMOON","20190228","20221026","100000,00"
"1937466","51","SOCIEDAD ANONIMA UNIPERSONAL (SAU)","BODEGA SAN JUAN","20201231","20221118","121915988,00"
"1937466","51","SOCIEDAD ANONIMA UNIPERSONAL (SAU)","BODEGA SAN JUAN","20191231","20221118","121915988,00"
"1937559","52","SOCIEDAD POR ACCIONES SIMPLIFICADA","THE FOLEY BROS","20211231","20220420","22600,00"
"1937559","52","SOCIEDAD POR ACCIONES SIMPLIFICADA","THE FOLEY BROS","20201231","20220113","22600,00"
"1937589","51","SOCIEDAD ANONIMA UNIPERSONAL (SAU)","ARGENPAY","20211231","20220523","341200000,00"
"1937589","51","SOCIEDAD ANONIMA UNIPERSONAL (SAU)","ARGENPAY","20201231","20210614","241200000,00"
"1937589","51","SOCIEDAD ANONIMA UNIPERSONAL (SAU)","ARGENPAY","20191231","20200226","7700000,00"
"1937598","50","SOC. ANONIMA","DIGITAL HOLDINGS ARGENTINA","20211231","20220722","20100000,00"
"1937598","50","SOC. ANONIMA","DIGITAL HOLDINGS ARGENTINA","20201231","20210806","20100000,00"
"1937598","50","SOC. ANONIMA","DIGITAL HOLDINGS ARGENTINA","20191231","20210423","20100000,00"
"1937599","50","SOC. ANONIMA","ISABEL REAL ESTATE","20191231","20220831","300000,00"
"1937599","50","SOC. ANONIMA","ISABEL REAL ESTATE","20211231","20220831","300000,00"
"1937599","50","SOC. ANONIMA","ISABEL REAL ESTATE","20201231","20220831","300000,00"
"1937609","50","SOC. ANONIMA","AGRO CENTROS REGION NUCLEO","20191231","20210224","100000,00"
"1937652","52","SOCIEDAD POR ACCIONES SIMPLIFICADA","HICKIES ARGENTINA","20201231","20230116","22600,00"
"1937696","50","SOC. ANONIMA","ESTABLECIMIENTO LOS CEIBOS","20201231","20210730","100000,00"
"1937696","50","SOC. ANONIMA","ESTABLECIMIENTO LOS CEIBOS","20191231","20210730","100000,00"
"1937701","52","SOCIEDAD POR ACCIONES SIMPLIFICADA","JULBENI","20201231","20221229","22600,00"
"1937701","52","SOCIEDAD POR ACCIONES SIMPLIFICADA","JULBENI","20211231","20221229","22600,00"
"1937757","110","FUNDACION","FAMILIA OTERO","20181231","20220516","0,00"
"1937757","110","FUNDACION","FAMILIA OTERO","20191231","20220516","0,00"
"1937757","110","FUNDACION","FAMILIA OTERO","20201231","20220516","0,00"
"1937762","50","SOC. ANONIMA","ROPAMA","20190831","20200306","500000,00"
"1937767","50","SOC. ANONIMA","YUGEN","20211231","20220909","30000000,00"
"1937767","50","SOC. ANONIMA","YUGEN","20201231","20210917","500000,00"
"1937767","50","SOC. ANONIMA","YUGEN","20191231","20201222","500000,00"
"1937790","50","SOC. ANONIMA","AUDIO-TECHNICA AL","20190331","20210928","200000,00"
"1937790","50","SOC. ANONIMA","AUDIO-TECHNICA AL","20200331","20210928","200000,00"
"1937790","50","SOC. ANONIMA","AUDIO-TECHNICA AL","20210331","20210928","1678000,00"
"1937790","50","SOC. ANONIMA","AUDIO-TECHNICA AL","20190331","20191213","200000,00"
"1937864","52","SOCIEDAD POR ACCIONES SIMPLIFICADA","BURR","20201231","20211007","17720,00"
"1937920","52","SOCIEDAD POR ACCIONES SIMPLIFICADA","CONSORCIO DE SERVICIOS EDUCATIVO SAD","20210731","20211222","19000,00"
"1937920","52","SOCIEDAD POR ACCIONES SIMPLIFICADA","CONSORCIO DE SERVICIOS EDUCATIVO SAD","20200731","20211222","19000,00"
"1937972","52","SOCIEDAD POR ACCIONES SIMPLIFICADA","QUANTICMIND SOLUTIONS","20201231","20211012","19000,00"
"1937977","40","SOCIEDAD DE RESPONSABILIDAD LIMITADA","SIRIUS SOFTWARE","20181231","20211118","19000,00"
"1937977","40","SOCIEDAD DE RESPONSABILIDAD LIMITADA","SIRIUS SOFTWARE","20201231","20211118","19000,00"
"1937977","40","SOCIEDAD DE RESPONSABILIDAD LIMITADA","SIRIUS SOFTWARE","20191231","20211118","19000,00"
"1937978","52","SOCIEDAD POR ACCIONES SIMPLIFICADA","GRUPO MALASIA","20201231","20210831","60000,00"
"1938017","52","SOCIEDAD POR ACCIONES SIMPLIFICADA","BSSEH","20210630","20230130","19000,00"
"1938017","52","SOCIEDAD POR ACCIONES SIMPLIFICADA","BSSEH","20200630","20230111","19000,00"
"1938072","52","SOCIEDAD POR ACCIONES SIMPLIFICADA","RPG MOLINO VIEJO","20211231","20230202","19000,00"
"1938072","52","SOCIEDAD POR ACCIONES SIMPLIFICADA","RPG MOLINO VIEJO","20201231","20230202","19000,00"
"1938134","52","SOCIEDAD POR ACCIONES SIMPLIFICADA","RPG RAIGONES","20201231","20220505","19000,00"
"1938163","52","SOCIEDAD POR ACCIONES SIMPLIFICADA","XPAY","20211231","20221130","20000,00"
"1938163","52","SOCIEDAD POR ACCIONES SIMPLIFICADA","XPAY","20201231","20210628","20000,00"
"1938261","52","SOCIEDAD POR ACCIONES SIMPLIFICADA","BARRACAS SUR","20211231","20230209","300000,00"
"1938261","52","SOCIEDAD POR ACCIONES SIMPLIFICADA","BARRACAS SUR","20201231","20230203","300000,00"
"1938272","52","SOCIEDAD POR ACCIONES SIMPLIFICADA","LE WAGON","20211231","20230201","30188,33"
"1938272","52","SOCIEDAD POR ACCIONES SIMPLIFICADA","LE WAGON","20201231","20230131","20000,00"
"1938272","52","SOCIEDAD POR ACCIONES SIMPLIFICADA","LE WAGON","20191231","20230131","20000,00"
"1938272","52","SOCIEDAD POR ACCIONES SIMPLIFICADA","LE WAGON","20181231","20230126","20000,00"
"1938369","52","SOCIEDAD POR ACCIONES SIMPLIFICADA","AMBAR ENERGIA","20200630","20221108","21400,00"
"1938369","52","SOCIEDAD POR ACCIONES SIMPLIFICADA","AMBAR ENERGIA","20210630","20221108","21400,00"
"1938452","52","SOCIEDAD POR ACCIONES SIMPLIFICADA","DIARES","20201231","20220131","21400,00"
"1938453","52","SOCIEDAD POR ACCIONES SIMPLIFICADA","PANDA WORLD","20200331","20220315","21400,00"
"1938453","52","SOCIEDAD POR ACCIONES SIMPLIFICADA","PANDA WORLD","20190331","20220222","21400,00"
"1938453","52","SOCIEDAD POR ACCIONES SIMPLIFICADA","PANDA WORLD","20210331","20220221","21400,00"
"1938522","52","SOCIEDAD POR ACCIONES SIMPLIFICADA","RUFUS TECHNOLOGIES","20220331","20230201","21400,00"
"1938522","52","SOCIEDAD POR ACCIONES SIMPLIFICADA","RUFUS TECHNOLOGIES","20210331","20230201","21400,00"
"1938522","52","SOCIEDAD POR ACCIONES SIMPLIFICADA","RUFUS TECHNOLOGIES","20200331","20230201","21400,00"
"1938532","52","SOCIEDAD POR ACCIONES SIMPLIFICADA","INGEXTERNA","20201031","20221111","21400,00"
"1938532","52","SOCIEDAD POR ACCIONES SIMPLIFICADA","INGEXTERNA","20191031","20221111","21400,00"
"1938532","52","SOCIEDAD POR ACCIONES SIMPLIFICADA","INGEXTERNA","20211031","20221111","21400,00"
"1938536","52","SOCIEDAD POR ACCIONES SIMPLIFICADA","NKL","20211031","20230111","21400,00"
"1938536","52","SOCIEDAD POR ACCIONES SIMPLIFICADA","NKL","20201031","20221117","21400,00"
"1938549","52","SOCIEDAD POR ACCIONES SIMPLIFICADA","PLATAFORMA LOGISTICA","20201231","20210923","100000,00"
"1938571","52","SOCIEDAD POR ACCIONES SIMPLIFICADA","GLOBAL 21 VIVIR EL IDIOMA","20211231","20230106","21400,00"
"1938738","52","SOCIEDAD POR ACCIONES SIMPLIFICADA","RIMA STUDIO","20201231","20210729","22600,00"
"1938793","50","SOC. ANONIMA","GOR ENERGY","20190630","20210430","2000000,00"
"1938793","50","SOC. ANONIMA","GOR ENERGY","20200630","20210430","2000000,00"
"1938811","80","SOCIEDAD EXTRANJERA","TK AIRPORT SOLUTIONS S.A.","20210930","20220503","0,00"
"1938811","80","SOCIEDAD EXTRANJERA","TK AIRPORT SOLUTIONS S.A.","20190930","20210714","0,00"
"1938811","80","SOCIEDAD EXTRANJERA","TK AIRPORT SOLUTIONS S.A.","20200930","20210614","664170,47"
"1938821","100","ASOCIACION CIVIL","PARA EL PROGRESO DE LA TECNOLOGIA MEDICA DE TEJIDOS","20201231","20210825","0,00"
"1938821","100","ASOCIACION CIVIL","PARA EL PROGRESO DE LA TECNOLOGIA MEDICA DE TEJIDOS","20191231","20210825","0,00"
"1938861","110","FUNDACION","LOS GIRASOLES","20191231","20211101","0,00"
"1938861","110","FUNDACION","LOS GIRASOLES","20201231","20211101","0,00"
"1938867","52","SOCIEDAD POR ACCIONES SIMPLIFICADA","GESTALT CONSULTORES","20211031","20230111","25000,00"
"1938867","52","SOCIEDAD POR ACCIONES SIMPLIFICADA","GESTALT CONSULTORES","20201031","20230110","25000,00"
"1938896","52","SOCIEDAD POR ACCIONES SIMPLIFICADA","DAC SYSTEMS","20211231","20221111","25000,00"
"1938896","52","SOCIEDAD POR ACCIONES SIMPLIFICADA","DAC SYSTEMS","20201231","20221103","25000,00"
"1939049","50","SOC. ANONIMA","SOLARES DE CABALLITO","20190630","20221114","100000,00"
"1939049","50","SOC. ANONIMA","SOLARES DE CABALLITO","20210630","20221114","100000,00"
"1939049","50","SOC. ANONIMA","SOLARES DE CABALLITO","20200630","20221114","100000,00"
"1939069","52","SOCIEDAD POR ACCIONES SIMPLIFICADA","BLUMAS","20201231","20211221","25000,00"
"1939076","52","SOCIEDAD POR ACCIONES SIMPLIFICADA","SEEDERS","20211231","20220729","25000,00"
"1939076","52","SOCIEDAD POR ACCIONES SIMPLIFICADA","SEEDERS","20201231","20210723","25000,00"
"1939192","50","SOC. ANONIMA","FACTOR CLAVE","20211231","20221025","100000,00"
"1939192","50","SOC. ANONIMA","FACTOR CLAVE","20191231","20210219","100000,00"
"1939243","50","SOC. ANONIMA","MERCEDES-BENZ BROKER ARGENTINA","20211231","20221108","100000,00"
"1939243","50","SOC. ANONIMA","MERCEDES-BENZ BROKER ARGENTINA","20201231","20221101","100000,00"
"1939243","50","SOC. ANONIMA","MERCEDES-BENZ BROKER ARGENTINA","20191231","20221026","100000,00"
"1939282","52","SOCIEDAD POR ACCIONES SIMPLIFICADA","FIDEMAS","20201031","20220204","25000,00"
"1939324","50","SOC. ANONIMA","AFFINITAS SAN GINES","20191231","20211012","500000,00"
"1939324","50","SOC. ANONIMA","AFFINITAS SAN GINES","20201231","20210929","500000,00"
"1939328","51","SOCIEDAD ANONIMA UNIPERSONAL (SAU)","AIRELUZ","20211231","20220930","407100000,00"
"1939328","51","SOCIEDAD ANONIMA UNIPERSONAL (SAU)","AIRELUZ","20201231","20211101","230600000,00"
"1939328","51","SOCIEDAD ANONIMA UNIPERSONAL (SAU)","AIRELUZ","20191231","20211018","230600000,00"
"1939348","105","ENTIDAD EXTRANJERA SIN FINES DE LUCRO","MCKINSEY.ORG, INC.","20211231","20220819","0,00"
"1939348","105","ENTIDAD EXTRANJERA SIN FINES DE LUCRO","MCKINSEY.ORG, INC.","20201231","20210809","0,00"
"1939348","105","ENTIDAD EXTRANJERA SIN FINES DE LUCRO","MCKINSEY.ORG, INC.","20191231","20201028","0,00"
"1939402","51","SOCIEDAD ANONIMA UNIPERSONAL (SAU)","HEUBACH COLORANTS ARGENTINA","20211231","20220912","92556116,00"
"1939426","50","SOC. ANONIMA","GREEN AVIATION","20201231","20210921","100000,00"
"1939426","50","SOC. ANONIMA","GREEN AVIATION","20191231","20210304","100000,00"
"1939441","51","SOCIEDAD ANONIMA UNIPERSONAL (SAU)","FRANCA FILMS","20211231","20220909","100000,00"
"1939441","51","SOCIEDAD ANONIMA UNIPERSONAL (SAU)","FRANCA FILMS","20201231","20220330","100000,00"
"1939441","51","SOCIEDAD ANONIMA UNIPERSONAL (SAU)","FRANCA FILMS","20191231","20210203","100000,00"
"1939514","50","SOC. ANONIMA","TRIMARC","20200229","20211117","100000,00"
"1939524","50","SOC. ANONIMA","EXPANSION BUSINESS","20200630","20220928","100000,00"
"1939524","50","SOC. ANONIMA","EXPANSION BUSINESS","20210630","20220914","100000,00"
"1939524","50","SOC. ANONIMA","EXPANSION BUSINESS","20190628","20200316","100000,00"
"1939539","50","SOC. ANONIMA","EXPERIMENTAL","20211231","20230209","114004,00"
"1939554","50","SOC. ANONIMA","ANDASER","20210831","20220419","200000,00"
"1939554","50","SOC. ANONIMA","ANDASER","20200831","20210430","200000,00"
"1939554","50","SOC. ANONIMA","ANDASER","20190831","20201223","200000,00"
"1939585","80","SOCIEDAD EXTRANJERA","TV GLOBAL ENTERPRISES LTD","20211231","20221213","0,00"
"1939585","80","SOCIEDAD EXTRANJERA","TV GLOBAL ENTERPRISES LTD","20191231","20220915","0,00"
"1939585","80","SOCIEDAD EXTRANJERA","TV GLOBAL ENTERPRISES LTD","20201231","20220915","0,00"
"1939612","52","SOCIEDAD POR ACCIONES SIMPLIFICADA","STRATESYS TECHNOLOGY SOLUTIONS ARGENTINA","20211231","20220818","25000,00"
"1939612","52","SOCIEDAD POR ACCIONES SIMPLIFICADA","STRATESYS TECHNOLOGY SOLUTIONS ARGENTINA","20201231","20211123","25000,00"
"1939615","52","SOCIEDAD POR ACCIONES SIMPLIFICADA","GRUPO KAIROS","20201231","20221128","25000,00"
"1939617","52","SOCIEDAD POR ACCIONES SIMPLIFICADA","VIRTUAL DREAMS FACTORY","20201231","20211105","25000,00"
"1939630","52","SOCIEDAD POR ACCIONES SIMPLIFICADA","CARMAAL","20211231","20230213","25000,00"
"1939630","52","SOCIEDAD POR ACCIONES SIMPLIFICADA","CARMAAL","20201231","20230213","25000,00"
"1939630","52","SOCIEDAD POR ACCIONES SIMPLIFICADA","CARMAAL","20191231","20230208","25000,00"
"1939640","52","SOCIEDAD POR ACCIONES SIMPLIFICADA","MIFLODER","20211231","20220516","25000,00"
"1939640","52","SOCIEDAD POR ACCIONES SIMPLIFICADA","MIFLODER","20201231","20220419","25000,00"
"1939682","50","SOC. ANONIMA","LEGAL Y FISCAL","20210531","20220906","100000,00"
"1939682","50","SOC. ANONIMA","LEGAL Y FISCAL","20200531","20210614","100000,00"
"1939682","50","SOC. ANONIMA","LEGAL Y FISCAL","20190531","20210614","100000,00"
"1939770","50","SOC. ANONIMA","AGROGANADERA DON EDUARDO","20210331","20220412","3568000,00"
"1939770","50","SOC. ANONIMA","AGROGANADERA DON EDUARDO","20200331","20220412","3568000,00"
"1939770","50","SOC. ANONIMA","AGROGANADERA DON EDUARDO","20190331","20220412","900000,00"
"1939777","50","SOC. ANONIMA","CLIMAFAN","20210430","20220830","100000,00"
"1939777","50","SOC. ANONIMA","CLIMAFAN","20200430","20201221","100000,00"
"1939787","52","SOCIEDAD POR ACCIONES SIMPLIFICADA","DAG & ASOCIADOS","20211231","20220706","25000,00"
"1939802","52","SOCIEDAD POR ACCIONES SIMPLIFICADA","RIASI-TEX","20211231","20221017","25000,00"
"1939802","52","SOCIEDAD POR ACCIONES SIMPLIFICADA","RIASI-TEX","20201231","20220822","25000,00"
"1939814","52","SOCIEDAD POR ACCIONES SIMPLIFICADA","SMAD GROUP","20211231","20220829","25000,00"
"1939814","52","SOCIEDAD POR ACCIONES SIMPLIFICADA","SMAD GROUP","20201231","20210910","25000,00"
"1939841","50","SOC. ANONIMA","AGROPECUARIA LA RECOMPENSA","20210630","20220412","1665000,00"
"1939841","50","SOC. ANONIMA","AGROPECUARIA LA RECOMPENSA","20200630","20220412","1665000,00"
"1939841","50","SOC. ANONIMA","AGROPECUARIA LA RECOMPENSA","20190630","20220412","1665000,00"
"1939861","100","ASOCIACION CIVIL","SOCI ARGE DE PSIC DE LA REPROD HUMA ASIS SAPRHA ASOC CIVIL","20220831","20221128","0,00"
"1939861","100","ASOCIACION CIVIL","SOCI ARGE DE PSIC DE LA REPROD HUMA ASIS SAPRHA ASOC CIVIL","20210831","20211214","0,00"
"1939861","100","ASOCIACION CIVIL","SOCI ARGE DE PSIC DE LA REPROD HUMA ASIS SAPRHA ASOC CIVIL","20190831","20191213","0,00"
"1939904","50","SOC. ANONIMA","HIDALGO 760","20220228","20221207","100000,00"
"1939904","50","SOC. ANONIMA","HIDALGO 760","20210228","20210917","100000,00"
"1939904","50","SOC. ANONIMA","HIDALGO 760","20200228","20210915","100000,00"
"1939921","100","ASOCIACION CIVIL","CLUB ATLETICO COLUMNA VERTEBRAL DE VILLA LUGANO","20201231","20210628","0,00"
"1939921","100","ASOCIACION CIVIL","CLUB ATLETICO COLUMNA VERTEBRAL DE VILLA LUGANO","20191231","20210628","0,00"
"1939940","51","SOCIEDAD ANONIMA UNIPERSONAL (SAU)","TRIUMPH ENGINEERING (ARGENTINA) ","20211231","20221013","100000,00"
"1939940","51","SOCIEDAD ANONIMA UNIPERSONAL (SAU)","TRIUMPH ENGINEERING (ARGENTINA) ","20201231","20220307","100000,00"
"1939940","51","SOCIEDAD ANONIMA UNIPERSONAL (SAU)","TRIUMPH ENGINEERING (ARGENTINA) ","20191231","20200827","100000,00"
"1939942","50","SOC. ANONIMA","CABAÑA MRM","20201201","20211129","500000,00"
"1939942","50","SOC. ANONIMA","CABAÑA MRM","20191201","20211117","500000,00"
"1939997","50","SOC. ANONIMA","EXXIA","20191231","20210128","100000,00"
"1940001","50","SOC. ANONIMA","FRITZ & FRUTZ","20201231","20220713","111201144,00"
"1940001","50","SOC. ANONIMA","FRITZ & FRUTZ","20191231","20220713","111201144,00"
"1940009","40","SOCIEDAD DE RESPONSABILIDAD LIMITADA","WELLNESS SERVICES","20211231","20220810","186826461,00"
"1940009","40","SOCIEDAD DE RESPONSABILIDAD LIMITADA","WELLNESS SERVICES","20201231","20211018","406901926,00"
"1940009","40","SOCIEDAD DE RESPONSABILIDAD LIMITADA","WELLNESS SERVICES","20191231","20210519","241710000,00"
"1940017","50","SOC. ANONIMA","07 DE NOVIEMBRE","20211231","20221104","77076808,00"
"1940017","50","SOC. ANONIMA","07 DE NOVIEMBRE","20201231","20221104","32648583,00"
"1940017","50","SOC. ANONIMA","07 DE NOVIEMBRE","20191231","20221104","20227500,00"
"1940025","50","SOC. ANONIMA","DON JONAS","20200831","20211201","0,00"
"1940025","50","SOC. ANONIMA","DON JONAS","20190831","20201110","0,00"
"1940027","100","ASOCIACION CIVIL","CARDIO ITAL ASOCIACION CIVIL","20211231","20220704","0,00"
"1940027","100","ASOCIACION CIVIL","CARDIO ITAL ASOCIACION CIVIL","20201231","20220704","0,00"
"1940027","100","ASOCIACION CIVIL","CARDIO ITAL ASOCIACION CIVIL","20191231","20220629","0,00"
"1940113","120","FEDERACION","ARGENTINA DE ENTIDADES DE TRANSPORTE Y LOGISTICA (FAETYL)","20211231","20220707","0,00"
"1940113","120","FEDERACION","ARGENTINA DE ENTIDADES DE TRANSPORTE Y LOGISTICA (FAETYL)","20201231","20210907","0,00"
"1940186","100","ASOCIACION CIVIL","MESABIERTA ASOCIACION CIVIL","20201231","20210923","0,00"
"1940186","100","ASOCIACION CIVIL","MESABIERTA ASOCIACION CIVIL","20191231","20210422","0,00"
"1940196","50","SOC. ANONIMA","DEYGAL","20211231","20220809","116898639,00"
"1940196","50","SOC. ANONIMA","DEYGAL","20201231","20211129","116898639,00"
"1940196","50","SOC. ANONIMA","DEYGAL","20191231","20210714","116898639,00"
"1940227","52","SOCIEDAD POR ACCIONES SIMPLIFICADA","AGRO-FORESTAL DEL SUR","20201231","20220901","25000,00"
"1940264","52","SOCIEDAD POR ACCIONES SIMPLIFICADA","ADVANCED STERILIZATION PRODUCTS ARGENTINA","20191231","20211221","25000,00"
"1940289","52","SOCIEDAD POR ACCIONES SIMPLIFICADA","ND ESQUIVEL","20200331","20221213","25000,00"
"1940289","52","SOCIEDAD POR ACCIONES SIMPLIFICADA","ND ESQUIVEL","20220331","20221213","25000,00"
"1940289","52","SOCIEDAD POR ACCIONES SIMPLIFICADA","ND ESQUIVEL","20210331","20221213","25000,00"
"1940293","52","SOCIEDAD POR ACCIONES SIMPLIFICADA","NEUMATICOS Y LLANTAS CATAN","20201231","20230213","25000,00"
"1940368","50","SOC. ANONIMA","GREEN DRINKS","20191231","20210513","100000,00"
"1940388","100","ASOCIACION CIVIL","PREMA SAI(AMOR DIVINO) ESCU COMP EN VALO HUMA ASOC CIVIL","20191231","20210726","0,00"
"1940389","100","ASOCIACION CIVIL","ARTISTICA HIPERMUSICA","20211130","20220317","0,00"
"1940389","100","ASOCIACION CIVIL","ARTISTICA HIPERMUSICA","20201130","20210616","0,00"
"1940434","100","ASOCIACION CIVIL","COMITE DE AYUDA A DESASTRES Y EMERGENCIAS NACIONALES ASO CIV","20201231","20220923","0,00"
"1940434","100","ASOCIACION CIVIL","COMITE DE AYUDA A DESASTRES Y EMERGENCIAS NACIONALES ASO CIV","20191231","20220923","0,00"
"1940434","100","ASOCIACION CIVIL","COMITE DE AYUDA A DESASTRES Y EMERGENCIAS NACIONALES ASO CIV","20211231","20220923","0,00"
"1940467","52","SOCIEDAD POR ACCIONES SIMPLIFICADA","ORFFA ARGENTINA","20201231","20210906","25000,00"
"1940542","50","SOC. ANONIMA","NICIETRA","20201231","20220712","100000,00"
"1940542","50","SOC. ANONIMA","NICIETRA","20191231","20220712","100000,00"
"1940557","50","SOC. ANONIMA","BEKER","20200331","20220106","500000,00"
"1940597","52","SOCIEDAD POR ACCIONES SIMPLIFICADA","GADIF","20210331","20211129","25000,00"
"1940597","52","SOCIEDAD POR ACCIONES SIMPLIFICADA","GADIF","20200331","20211117","25000,00"
"1940611","52","SOCIEDAD POR ACCIONES SIMPLIFICADA","GEDREZ RECUPERO","20211231","20221128","60000,00"
"1940611","52","SOCIEDAD POR ACCIONES SIMPLIFICADA","GEDREZ RECUPERO","20201231","20221128","60000,00"
"1940627","50","SOC. ANONIMA","TRESQUINCE","20211231","20230110","30120000,00"
"1940627","50","SOC. ANONIMA","TRESQUINCE","20201231","20211116","30120000,00"
"1940627","50","SOC. ANONIMA","TRESQUINCE","20191231","20211116","30120000,00"
"1940631","50","SOC. ANONIMA","ENERSUD","20181231","20190930","22000000,00"
"1940658","50","SOC. ANONIMA","RUBEN PAPA Y ASOCIADOS","20210831","20211115","2500000,00"
"1940658","50","SOC. ANONIMA","RUBEN PAPA Y ASOCIADOS","20201231","20211028","2500000,00"
"1940658","50","SOC. ANONIMA","RUBEN PAPA Y ASOCIADOS","20191231","20211028","2500000,00"
"1940738","50","SOC. ANONIMA","IUNGAM","20211231","20220401","657646,00"
"1940738","50","SOC. ANONIMA","IUNGAM","20201231","20210423","344760,00"
"1940738","50","SOC. ANONIMA","IUNGAM","20191231","20200630","200000,00"
"1940752","52","SOCIEDAD POR ACCIONES SIMPLIFICADA","AVANT CUASAR","20210331","20211012","50000,00"
"1940876","100","ASOCIACION CIVIL","RED DE CRIANZA","20200131","20211214","0,00"
"1940876","100","ASOCIACION CIVIL","RED DE CRIANZA","20201231","20211214","0,00"
"1940917","100","ASOCIACION CIVIL","PERSPECTIVAS DEL MOVIMIENTO CRISTIANO GLOBAL","20211231","20220927","0,00"
"1940917","100","ASOCIACION CIVIL","PERSPECTIVAS DEL MOVIMIENTO CRISTIANO GLOBAL","20201231","20211217","0,00"
"1940917","100","ASOCIACION CIVIL","PERSPECTIVAS DEL MOVIMIENTO CRISTIANO GLOBAL","20191231","20200211","0,00"
"1940987","50","SOC. ANONIMA","HEPRICAR","20211231","20220606","2090000,00"
"1940987","50","SOC. ANONIMA","HEPRICAR","20201231","20211123","2382460,00"
"1940987","50","SOC. ANONIMA","HEPRICAR","20191231","20201218","1000000,00"
"1940996","50","SOC. ANONIMA","CULTIVARTE","20200331","20211223","100000,00"
"1941050","50","SOC. ANONIMA","PRODUCTORA DE CINE COMERCIAL","20200630","20220203","100000,00"
"1941050","50","SOC. ANONIMA","PRODUCTORA DE CINE COMERCIAL","20190630","20220203","100000,00"
"1941068","100","ASOCIACION CIVIL","IGLESIA CRISTIANA DE TEOTERAPIA","20211231","20220505","0,00"
"1941068","100","ASOCIACION CIVIL","IGLESIA CRISTIANA DE TEOTERAPIA","20201231","20210907","0,00"
"1941071","50","SOC. ANONIMA","CENTRO DE TERAPIAS AVANZADAS","20211231","20221108","100000,00"
"1941071","50","SOC. ANONIMA","CENTRO DE TERAPIAS AVANZADAS","20201231","20210924","100000,00"
"1941081","50","SOC. ANONIMA","INTERFLOW","20220430","20220823","15100000,00"
"1941081","50","SOC. ANONIMA","INTERFLOW","20210430","20210823","10100000,00"
"1941081","50","SOC. ANONIMA","INTERFLOW","20200430","20201228","7100000,00"
"1941114","140","CAMARA","ARGENTINA DE LA ENERGIA ASOCIACION CIVIL","20191231","20210614","0,00"
"1941114","140","CAMARA","ARGENTINA DE LA ENERGIA ASOCIACION CIVIL","20201231","20210614","0,00"
"1941143","51","SOCIEDAD ANONIMA UNIPERSONAL (SAU)","HITACHI ENERGY ARGENTINA","20220331","20221118","510100000,00"
"1941143","51","SOCIEDAD ANONIMA UNIPERSONAL (SAU)","HITACHI ENERGY ARGENTINA","20210331","20220315","510100000,00"
"1941143","51","SOCIEDAD ANONIMA UNIPERSONAL (SAU)","HITACHI ENERGY ARGENTINA","20201231","20211005","510100000,00"
"1941143","51","SOCIEDAD ANONIMA UNIPERSONAL (SAU)","HITACHI ENERGY ARGENTINA","20191231","20210121","510100000,00"
"1941159","80","SOCIEDAD EXTRANJERA","CAMBRIDGE UNIVERSITY PRESS(HOLDINGS) LIMITED","20210430","20210811","3594,00"
"1941159","80","SOCIEDAD EXTRANJERA","CAMBRIDGE UNIVERSITY PRESS(HOLDINGS) LIMITED","20200430","20210601","0,00"
"1941175","50","SOC. ANONIMA","EXPANSION CAPITAL","20210630","20221020","100000,00"
"1941175","50","SOC. ANONIMA","EXPANSION CAPITAL","20200630","20220914","100000,00"
"1941175","50","SOC. ANONIMA","EXPANSION CAPITAL","20190630","20200316","100000,00"
"1941191","80","SOCIEDAD EXTRANJERA","PPB COUNTERPARTY SERVICES LIMITED","20201231","20220705","3407,00"
"1941191","80","SOCIEDAD EXTRANJERA","PPB COUNTERPARTY SERVICES LIMITED","20191231","20220705","0,00"
"1941191","80","SOCIEDAD EXTRANJERA","PPB COUNTERPARTY SERVICES LIMITED","20211231","20220705","0,00"
"1941283","50","SOC. ANONIMA","WE TAKE","20211231","20220818","100000,00"
"1941283","50","SOC. ANONIMA","WE TAKE","20191231","20211215","100000,00"
"1941283","50","SOC. ANONIMA","WE TAKE","20201231","20211215","100000,00"
"1941305","50","SOC. ANONIMA","DEKA LUXURY","20201231","20220303","300000,00"
"1941305","50","SOC. ANONIMA","DEKA LUXURY","20191231","20220303","300000,00"
"1941385","51","SOCIEDAD ANONIMA UNIPERSONAL (SAU)","NEWSAN FOOD","20201231","20220816","400000,00"
"1941385","51","SOCIEDAD ANONIMA UNIPERSONAL (SAU)","NEWSAN FOOD","20191231","20220719","400000,00"
"1941385","51","SOCIEDAD ANONIMA UNIPERSONAL (SAU)","NEWSAN FOOD","20211231","20220713","400000,00"
"1941409","50","SOC. ANONIMA","FELHU","20191231","20230202","12000,00"
"1941409","50","SOC. ANONIMA","FELHU","20201231","20230202","12000,00"
"1941409","50","SOC. ANONIMA","FELHU","20211231","20230202","12000,00"
"1941417","100","ASOCIACION CIVIL","SOCI DE OFTA DE LA CIUD AUTO DE BUEN AIRE-SOCABA- ASOC CIVI","20191231","20210823","0,00"
"1941417","100","ASOCIACION CIVIL","SOCI DE OFTA DE LA CIUD AUTO DE BUEN AIRE-SOCABA- ASOC CIVI","20201231","20210812","0,00"
"1941452","52","SOCIEDAD POR ACCIONES SIMPLIFICADA","PIMLICO DEVELOPERS","20211231","20221129","100000,00"
"1941452","52","SOCIEDAD POR ACCIONES SIMPLIFICADA","PIMLICO DEVELOPERS","20201231","20221129","100000,00"
"1941455","52","SOCIEDAD POR ACCIONES SIMPLIFICADA","CURSOSCAPACITAS","20191231","20210809","25000,00"
"1941470","50","SOC. ANONIMA","ESTABLECIMIENTO DON JOSE","20210630","20220929","8776400,00"
"1941470","50","SOC. ANONIMA","ESTABLECIMIENTO DON JOSE","20210630","20220526","8776400,00"
"1941470","50","SOC. ANONIMA","ESTABLECIMIENTO DON JOSE","20200630","20211117","8776400,00"
"1941471","50","SOC. ANONIMA","DON QUILES","20220731","20230130","7000000,00"
"1941471","50","SOC. ANONIMA","DON QUILES","20210731","20220113","7000000,00"
"1941471","50","SOC. ANONIMA","DON QUILES","20200731","20210316","7000000,00"
"1941471","50","SOC. ANONIMA","DON QUILES","20190731","20200103","7000000,00"
"1941477","100","ASOCIACION CIVIL","ASOCIA DE BENEFACTORES DEL MUSEO HISTORICO SARMIENTO-ASO CIV","20210630","20221118","0,00"
"1941477","100","ASOCIACION CIVIL","ASOCIA DE BENEFACTORES DEL MUSEO HISTORICO SARMIENTO-ASO CIV","20200630","20221118","0,00"
"1941479","50","SOC. ANONIMA","CONCEPCION TIGRE","20201231","20220126","105000,00"
"1941479","50","SOC. ANONIMA","CONCEPCION TIGRE","20191231","20220125","105000,00"
"1941522","52","SOCIEDAD POR ACCIONES SIMPLIFICADA","MINS CONSULTORES","20210331","20211117","25000,00"
"1941568","52","SOCIEDAD POR ACCIONES SIMPLIFICADA","HIPERION GAMES","20220331","20220913","25000,00"
"1941568","52","SOCIEDAD POR ACCIONES SIMPLIFICADA","HIPERION GAMES","20210331","20210921","25000,00"
"1941584","50","SOC. ANONIMA","LEYENDA VIVA","20201231","20210920","3000000,00"
"1941603","50","SOC. ANONIMA","NU ARGENTINA","20201231","20221110","425676,00"
"1941610","170","UNION TRANSITORIA","SOUTH MANAGEMENT UNION TRANSITORIA","20211231","20230117","0,00"
"1941610","170","UNION TRANSITORIA","SOUTH MANAGEMENT UNION TRANSITORIA","20201231","20211019","100000,00"
"1941625","50","SOC. ANONIMA","VIENTOS DE CAMPANA","20191231","20221118","400000,00"
"1941643","100","ASOCIACION CIVIL","CAMPOLIMPIO SGE","20211231","20221027","0,00"
"1941643","100","ASOCIACION CIVIL","CAMPOLIMPIO SGE","20201231","20211101","0,00"
"1941643","100","ASOCIACION CIVIL","CAMPOLIMPIO SGE","20191231","20210629","0,00"
"1941645","110","FUNDACION","BATT PARA PROMO SALUD Y BIENE SOCIA A TRAVE DEL DEPOR","20210331","20220927","0,00"
"1941729","100","ASOCIACION CIVIL","BRUCO PARA LA INCLUSION DE NI¥OS Y JOVENES CON DISCAPACIDAD","20201231","20220413","0,00"
"1941737","80","SOCIEDAD EXTRANJERA","B2G COMERCIO IMPORTACAO,EXPORTACAO E SERVICOS LTDA","20201231","20220318","0,00"
"1941737","80","SOCIEDAD EXTRANJERA","B2G COMERCIO IMPORTACAO,EXPORTACAO E SERVICOS LTDA","20191231","20201015","0,00"
"1941749","50","SOC. ANONIMA","INCLODE","20211231","20230104","1000000,00"
"1941749","50","SOC. ANONIMA","INCLODE","20201231","20211125","1000000,00"
"1941749","50","SOC. ANONIMA","INCLODE","20191231","20201215","1000000,00"
"1941769","50","SOC. ANONIMA","FEAPA","20211231","20221101","100000,00"
"1941769","50","SOC. ANONIMA","FEAPA","20201231","20210928","100000,00"
"1941769","50","SOC. ANONIMA","FEAPA","20191231","20210928","100000,00"
"1941791","80","SOCIEDAD EXTRANJERA","MARUBENI POWER INTERNATIONAL,INC.","20220331","20230112","0,00"
"1941791","80","SOCIEDAD EXTRANJERA","MARUBENI POWER INTERNATIONAL,INC.","20210331","20220406","0,00"
"1941791","80","SOCIEDAD EXTRANJERA","MARUBENI POWER INTERNATIONAL,INC.","20200331","20220308","0,00"
"1941812","52","SOCIEDAD POR ACCIONES SIMPLIFICADA","IOTINMOTION","20211231","20220621","1000000,00"
"1941812","52","SOCIEDAD POR ACCIONES SIMPLIFICADA","IOTINMOTION","20201231","20210623","1000000,00"
"1941839","52","SOCIEDAD POR ACCIONES SIMPLIFICADA","RPG YUNCON","20211231","20230202","25000,00"
"1941856","40","SOCIEDAD DE RESPONSABILIDAD LIMITADA","WAMCLICK","20201231","20220513","25000,00"
"1941884","52","SOCIEDAD POR ACCIONES SIMPLIFICADA","NEOCAM","20201231","20210803","6280000,00"
"1941885","52","SOCIEDAD POR ACCIONES SIMPLIFICADA","TANODO","20210331","20230213","25000,00"
"1941903","50","SOC. ANONIMA","LENDING SOLUTIONS","20201231","20221228","100001,00"
"1941910","50","SOC. ANONIMA","LISTO TECNOLOGIA ARGENTINA","20201231","20211129","6820000,00"
"1941910","50","SOC. ANONIMA","LISTO TECNOLOGIA ARGENTINA","20191231","20211129","6820000,00"
"1941949","50","SOC. ANONIMA","ISURUS GAMING","20211231","20220919","100000,00"
"1941949","50","SOC. ANONIMA","ISURUS GAMING","20201231","20211006","100000,00"
"1941949","50","SOC. ANONIMA","ISURUS GAMING","20191231","20211006","100000,00"
"1941979","50","SOC. ANONIMA","PROTECTA ARGENTINA","20200630","20211021","100000,00"
"1941982","100","ASOCIACION CIVIL","CENTRO DE CULTURA CASA DO BRASIL ASOCIACION CIVIL","20210930","20221201","0,00"
"1942028","170","UNION TRANSITORIA","COMPA¥IA GENERAL DE COMBUSTIBLES SA-YPF SA-AREA PASO FUHR-UT","20191231","20230209","0,00"
"1942028","170","UNION TRANSITORIA","COMPA¥IA GENERAL DE COMBUSTIBLES SA-YPF SA-AREA PASO FUHR-UT","20201231","20230209","0,00"
"1942028","170","UNION TRANSITORIA","COMPA¥IA GENERAL DE COMBUSTIBLES SA-YPF SA-AREA PASO FUHR-UT","20211231","20230209","0,00"
"1942119","50","SOC. ANONIMA","WAIRIN","20190930","20220105","100000,00"
"1942119","50","SOC. ANONIMA","WAIRIN","20200930","20220105","100000,00"
"1942159","140","CAMARA","ARGENTINA DE INDUSTRIAS DE MATERIALES AISLANTES","20211231","20220913","0,00"
"1942159","140","CAMARA","ARGENTINA DE INDUSTRIAS DE MATERIALES AISLANTES","20191231","20220321","0,00"
"1942159","140","CAMARA","ARGENTINA DE INDUSTRIAS DE MATERIALES AISLANTES","20201231","20220321","0,00"
"1942177","51","SOCIEDAD ANONIMA UNIPERSONAL (SAU)","KAYPACHA","20201231","20220425","100000,00"
"1942177","51","SOCIEDAD ANONIMA UNIPERSONAL (SAU)","KAYPACHA","20191231","20210908","100000,00"
"1942287","50","SOC. ANONIMA","AB ASESORES DE SEGUROS","20200229","20210322","100000,00"
"1942297","100","ASOCIACION CIVIL","GROW-CRECER-DESARROLLO Y DE GENERO","20210331","20220413","0,00"
"1942297","100","ASOCIACION CIVIL","GROW-CRECER-DESARROLLO Y DE GENERO","20200331","20220413","0,00"
"1942355","80","SOCIEDAD EXTRANJERA","PLAYTECH SOFTWARE LIMITED","20191231","20211227","0,00"
"1942355","80","SOCIEDAD EXTRANJERA","PLAYTECH SOFTWARE LIMITED","20201231","20211227","0,00"
"1942365","52","SOCIEDAD POR ACCIONES SIMPLIFICADA","COCREAR MM","20201231","20210723","100000,00"
"1942391","52","SOCIEDAD POR ACCIONES SIMPLIFICADA","MARTIN PELUSSO","20211231","20220317","25000,00"
"1942391","52","SOCIEDAD POR ACCIONES SIMPLIFICADA","MARTIN PELUSSO","20201231","20220308","25000,00"
"1942516","50","SOC. ANONIMA","NAITINAI","20211231","20221013","246333876,00"
"1942516","50","SOC. ANONIMA","NAITINAI","20201231","20210906","158292338,00"
"1942516","50","SOC. ANONIMA","NAITINAI","20191231","20210614","131293338,00"
"1942537","100","ASOCIACION CIVIL","SOCIEDAD IBEROAMERICANA DE SALUD AMBIENTAL, SIBSA,ASOC CIVIL","20220430","20221215","0,00"
"1942537","100","ASOCIACION CIVIL","SOCIEDAD IBEROAMERICANA DE SALUD AMBIENTAL, SIBSA,ASOC CIVIL","20210430","20211217","0,00"
"1942537","100","ASOCIACION CIVIL","SOCIEDAD IBEROAMERICANA DE SALUD AMBIENTAL, SIBSA,ASOC CIVIL","20200430","20210823","0,00"
"1942538","100","ASOCIACION CIVIL","FRENTE TELEFONICO","20211231","20220913","0,00"
"1942538","100","ASOCIACION CIVIL","FRENTE TELEFONICO","20201231","20210907","0,00"
"1942538","100","ASOCIACION CIVIL","FRENTE TELEFONICO","20191231","20210907","0,00"
"1942579","100","ASOCIACION CIVIL","ALIANZA ARGENTINA DE PACIENTES ASOCIACION CIVIL -ALAPA-","20191231","20220803","0,00"
"1942579","100","ASOCIACION CIVIL","ALIANZA ARGENTINA DE PACIENTES ASOCIACION CIVIL -ALAPA-","20201231","20220803","0,00"
"1942579","100","ASOCIACION CIVIL","ALIANZA ARGENTINA DE PACIENTES ASOCIACION CIVIL -ALAPA-","20211231","20220803","0,00"
"1942628","50","SOC. ANONIMA","HULLOP SOLUTIONS","20201231","20221201","100000,00"
"1942628","50","SOC. ANONIMA","HULLOP SOLUTIONS","20191231","20220914","100000,00"
"1942638","50","SOC. ANONIMA","SANTO BERRACO","20210630","20220524","300000,00"
"1942638","50","SOC. ANONIMA","SANTO BERRACO","20200630","20210414","300000,00"
"1942638","50","SOC. ANONIMA","SANTO BERRACO","20190630","20191122","300000,00"
"1942661","51","SOCIEDAD ANONIMA UNIPERSONAL (SAU)","EXMAR ARGENTINA","20191231","20220811","100000,00"
"1942661","51","SOCIEDAD ANONIMA UNIPERSONAL (SAU)","EXMAR ARGENTINA","20201231","20220811","176100910,00"
"1942674","50","SOC. ANONIMA","LONDON SKY","20210331","20220210","100000,00"
"1942674","50","SOC. ANONIMA","LONDON SKY","20200331","20210902","100000,00"
"1942676","80","SOCIEDAD EXTRANJERA","BP EXPLORATION ARGENTINA LIMITED","20211231","20220919","0,00"
"1942676","80","SOCIEDAD EXTRANJERA","BP EXPLORATION ARGENTINA LIMITED","20201231","20210826","0,00"
"1942676","80","SOCIEDAD EXTRANJERA","BP EXPLORATION ARGENTINA LIMITED","20191231","20201111","0,00"
"1942684","50","SOC. ANONIMA","DASSEN","20211231","20221102","11817695,87"
"1942684","50","SOC. ANONIMA","DASSEN","20201231","20210421","11817695,87"
"1942706","51","SOCIEDAD ANONIMA UNIPERSONAL (SAU)","QP OIL AND GAS","20211231","20220907","95599025,00"
"1942706","51","SOCIEDAD ANONIMA UNIPERSONAL (SAU)","QP OIL AND GAS","20201231","20210826","48308409,00"
"1942706","51","SOCIEDAD ANONIMA UNIPERSONAL (SAU)","QP OIL AND GAS","20191231","20210519","20000000,00"
"1942736","52","SOCIEDAD POR ACCIONES SIMPLIFICADA","WANNAPLAY","20211231","20230203","25000,00"
"1942737","52","SOCIEDAD POR ACCIONES SIMPLIFICADA","CATAPULT SPORT","20220331","20221214","25000,00"
"1942737","52","SOCIEDAD POR ACCIONES SIMPLIFICADA","CATAPULT SPORT","20210331","20220901","25000,00"
"1942760","52","SOCIEDAD POR ACCIONES SIMPLIFICADA","SOS SEGURIDAD","20211031","20230209","25000,00"
"1942760","52","SOCIEDAD POR ACCIONES SIMPLIFICADA","SOS SEGURIDAD","20201031","20230209","25000,00"
"1942760","52","SOCIEDAD POR ACCIONES SIMPLIFICADA","SOS SEGURIDAD","20191031","20230209","25000,00"
"1942797","51","SOCIEDAD ANONIMA UNIPERSONAL (SAU)","AB ENERGY ARGENTINA","20211231","20220606","28987709,00"
"1942797","51","SOCIEDAD ANONIMA UNIPERSONAL (SAU)","AB ENERGY ARGENTINA","20201231","20210811","5185001,00"
"1942797","51","SOCIEDAD ANONIMA UNIPERSONAL (SAU)","AB ENERGY ARGENTINA","20191231","20210507","100000,00"
"1942825","52","SOCIEDAD POR ACCIONES SIMPLIFICADA","MAG ELECTROFISIOLOG¿A","20211231","20221003","25000,00"
"1942825","52","SOCIEDAD POR ACCIONES SIMPLIFICADA","MAG ELECTROFISIOLOG¿A","20201231","20210723","25000,00"
"1942858","50","SOC. ANONIMA","BELGRANO 1387","20211231","20221115","1000000,00"
"1942871","51","SOCIEDAD ANONIMA UNIPERSONAL (SAU)","TECNICAS REUNIDAS ARGENTINA","20211231","20220707","100000,00"
"1942871","51","SOCIEDAD ANONIMA UNIPERSONAL (SAU)","TECNICAS REUNIDAS ARGENTINA","20191231","20220506","100000,00"
"1942871","51","SOCIEDAD ANONIMA UNIPERSONAL (SAU)","TECNICAS REUNIDAS ARGENTINA","20201231","20220506","100000,00"
"1942905","50","SOC. ANONIMA","NEKLAR","20200630","20221228","500000,00"
"1942905","50","SOC. ANONIMA","NEKLAR","20190630","20221228","500000,00"
"1942905","50","SOC. ANONIMA","NEKLAR","20210630","20221228","500000,00"
"1942905","50","SOC. ANONIMA","NEKLAR","20220630","20221228","500000,00"
"1942917","80","SOCIEDAD EXTRANJERA","INTRALOT INTERNATIONAL LIMITED","20211231","20220728","0,00"
"1942917","80","SOCIEDAD EXTRANJERA","INTRALOT INTERNATIONAL LIMITED","20191231","20210811","0,00"
"1942917","80","SOCIEDAD EXTRANJERA","INTRALOT INTERNATIONAL LIMITED","20201231","20210812","0,00"
"1942919","80","SOCIEDAD EXTRANJERA","WILL HILL LIMITED","20201231","20220309","0,00"
"1942919","80","SOCIEDAD EXTRANJERA","WILL HILL LIMITED","20191231","20210519","0,00"
"1942928","50","SOC. ANONIMA","COMPA¥IA MIDLAND DEL SUD","20200930","20220531","3093000,00"
"1942928","50","SOC. ANONIMA","COMPA¥IA MIDLAND DEL SUD","20190930","20220531","3093000,00"
"1942928","50","SOC. ANONIMA","COMPA¥IA MIDLAND DEL SUD","20210930","20220526","3093000,00"
"1943023","80","SOCIEDAD EXTRANJERA","TULLOW ARGENTINA LIMITED","20201231","20220504","229588317,00"
"1943023","80","SOCIEDAD EXTRANJERA","TULLOW ARGENTINA LIMITED","20191231","20201117","0,00"
"1943027","50","SOC. ANONIMA","MITSUI E&P ARGENTINA","20211231","20220812","70000000,00"
"1943027","50","SOC. ANONIMA","MITSUI E&P ARGENTINA","20201231","20220506","70000000,00"
"1943027","50","SOC. ANONIMA","MITSUI E&P ARGENTINA","20191231","20210113","68687500,00"
"1943052","50","SOC. ANONIMA","MG CONTAINERS","20201231","20211104","100000,00"
"1943052","50","SOC. ANONIMA","MG CONTAINERS","20191231","20211104","100000,00"
"1943128","52","SOCIEDAD POR ACCIONES SIMPLIFICADA","C.I.E.P.E.S","20201231","20220722","25000,00"
"1943128","52","SOCIEDAD POR ACCIONES SIMPLIFICADA","C.I.E.P.E.S","20211231","20220722","25000,00"
"1943128","52","SOCIEDAD POR ACCIONES SIMPLIFICADA","C.I.E.P.E.S","20191231","20220722","25000,00"
"1943144","52","SOCIEDAD POR ACCIONES SIMPLIFICADA","GENIUM IT","20211031","20220531","25000,00"
"1943151","40","SOCIEDAD DE RESPONSABILIDAD LIMITADA","THE SAND BOX","20201231","20220712","25000,00"
"1943190","50","SOC. ANONIMA","BICOR","20201031","20210730","100000,00"
"1943190","50","SOC. ANONIMA","BICOR","20191031","20210730","100000,00"
"1943196","50","SOC. ANONIMA","PETROMURPH","20211231","20230116","20300000,00"
"1943196","50","SOC. ANONIMA","PETROMURPH","20191231","20220113","20300000,00"
"1943196","50","SOC. ANONIMA","PETROMURPH","20201231","20220113","20300000,00"
"1943207","50","SOC. ANONIMA","BRICK COMPANY","20191231","20210311","800000,00"
"1943213","100","ASOCIACION CIVIL","UNION DE MANOS TRABAJADORAS POR LA INCLUSION SOCIAL","20211231","20220704","0,00"
"1943301","51","SOCIEDAD ANONIMA UNIPERSONAL (SAU)","PE¥AVID","20190831","20200619","32933965,00"
"1943304","50","SOC. ANONIMA","YAMAHA MOTOR PLAN ARGENTINA S.A. DE AHORR PARA FIN DETERMIN","20211231","20220428","62989908,00"
"1943304","50","SOC. ANONIMA","YAMAHA MOTOR PLAN ARGENTINA S.A. DE AHORR PARA FIN DETERMIN","20201231","20210506","2000000,00"
"1943314","50","SOC. ANONIMA","ALTO ONGAMIRA","20191231","20210728","100000,00"
"1943314","50","SOC. ANONIMA","ALTO ONGAMIRA","20201231","20210728","100000,00"
"1943316","110","FUNDACION","CHARIS ARGENTINA","20211231","20220506","0,00"
"1943356","50","SOC. ANONIMA","MIT POWER","20220331","20220928","100000,00"
"1943356","50","SOC. ANONIMA","MIT POWER","20210331","20210804","100000,00"
"1943356","50","SOC. ANONIMA","MIT POWER","20200331","20210121","100000,00"
"1943358","50","SOC. ANONIMA","GESER","20211231","20220323","100000,00"
"1943358","50","SOC. ANONIMA","GESER","20201231","20210520","100000,00"
"1943358","50","SOC. ANONIMA","GESER","20191231","20200827","100000,00"
"1943365","50","SOC. ANONIMA","CLASSE STELLE","20210630","20211202","500000,00"
"1943365","50","SOC. ANONIMA","CLASSE STELLE","20200630","20210218","500000,00"
"1943432","80","SOCIEDAD EXTRANJERA","BETSSON MALTA HOLDING LIMITED","20201231","20210728","1211297,49"
"1943432","80","SOCIEDAD EXTRANJERA","BETSSON MALTA HOLDING LIMITED","20191231","20210728","815490,00"
"1943433","50","SOC. ANONIMA","PLANNEON","20191231","20210422","5400000,00"
"1943433","50","SOC. ANONIMA","PLANNEON","20201231","20210422","5400000,00"
"1943457","100","ASOCIACION CIVIL","MERLOT. S.C.","20191231","20211006","0,00"
"1943457","100","ASOCIACION CIVIL","MERLOT. S.C.","20201231","20211006","0,00"
"1943462","80","SOCIEDAD EXTRANJERA","QBE MANAGEMENT (IRELAND) LIMITED","20191231","20220927","0,00"
"1943462","80","SOCIEDAD EXTRANJERA","QBE MANAGEMENT (IRELAND) LIMITED","20211231","20220927","0,00"
"1943462","80","SOCIEDAD EXTRANJERA","QBE MANAGEMENT (IRELAND) LIMITED","20201231","20211227","0,00"
"1943465","80","SOCIEDAD EXTRANJERA","EQUINOR ARGENTINA AS","20201231","20220810","19657402018,00"
"1943465","80","SOCIEDAD EXTRANJERA","EQUINOR ARGENTINA AS","20211231","20220810","21121102018,00"
"1943466","100","ASOCIACION CIVIL","SER SOLIDARIO","20201231","20210628","0,00"
"1943466","100","ASOCIACION CIVIL","SER SOLIDARIO","20191231","20210628","0,00"
"1943494","50","SOC. ANONIMA","SPARK ENERGY SOLUTIONS","20211231","20220915","3764325,00"
"1943494","50","SOC. ANONIMA","SPARK ENERGY SOLUTIONS","20201231","20210727","3764325,00"
"1943494","50","SOC. ANONIMA","SPARK ENERGY SOLUTIONS","20191231","20201016","800000,00"
"1943506","100","ASOCIACION CIVIL","MUSEO BARRIO DE FLORES ASOCIACION CIVIL","20210630","20221004","0,00"
"1943506","100","ASOCIACION CIVIL","MUSEO BARRIO DE FLORES ASOCIACION CIVIL","20190630","20220922","0,00"
"1943506","100","ASOCIACION CIVIL","MUSEO BARRIO DE FLORES ASOCIACION CIVIL","20200630","20220922","0,00"
"1943519","52","SOCIEDAD POR ACCIONES SIMPLIFICADA","PAMPA HEMP","20201231","20210722","25000,00"
"1943580","100","ASOCIACION CIVIL","FEMINACIDA ASOCIACION CIVIL","20220331","20220711","0,00"
"1943580","100","ASOCIACION CIVIL","FEMINACIDA ASOCIACION CIVIL","20200331","20210727","0,00"
"1943580","100","ASOCIACION CIVIL","FEMINACIDA ASOCIACION CIVIL","20210331","20210727","0,00"
"1943639","50","SOC. ANONIMA","LCB","20191231","20220804","100000,00"
"1943651","50","SOC. ANONIMA","DETROIT MODE","20211031","20220329","100000,00"
"1943651","50","SOC. ANONIMA","DETROIT MODE","20201031","20210429","100000,00"
"1943651","50","SOC. ANONIMA","DETROIT MODE","20191031","20200221","100000,00"
"1943653","51","SOCIEDAD ANONIMA UNIPERSONAL (SAU)","DSS SUSTAINABLE SOLUTIONS ARGENTINA","20201231","20220221","100000,00"
"1943676","100","ASOCIACION CIVIL","FUERZA MUJERES PARA LA REINS Y DESARROLLO LAB, PERS Y ECONOM","20210331","20211201","0,00"
"1943676","100","ASOCIACION CIVIL","FUERZA MUJERES PARA LA REINS Y DESARROLLO LAB, PERS Y ECONOM","20200331","20211129","0,00"
"1943720","170","UNION TRANSITORIA","FISIA ITALIMPIANTI SPA-SUC ARG-ACCIONA AGUA SA-SUC ARG- U T","20191231","20221019","0,00"
"1943720","170","UNION TRANSITORIA","FISIA ITALIMPIANTI SPA-SUC ARG-ACCIONA AGUA SA-SUC ARG- U T","20211231","20221019","0,00"
"1943720","170","UNION TRANSITORIA","FISIA ITALIMPIANTI SPA-SUC ARG-ACCIONA AGUA SA-SUC ARG- U T","20201231","20221019","0,00"
"1943729","50","SOC. ANONIMA","FLEXILOG","20210331","20221017","100000,00"
"1943729","50","SOC. ANONIMA","FLEXILOG","20200331","20210416","100000,00"
"1943743","50","SOC. ANONIMA","FITECHNOLOGY","20211231","20220913","100000,00"
"1943743","50","SOC. ANONIMA","FITECHNOLOGY","20201231","20220913","100000,00"
"1943743","50","SOC. ANONIMA","FITECHNOLOGY","20191231","20220913","100000,00"
"1943760","100","ASOCIACION CIVIL","VIVIR UN SUE¥O","20201231","20220711","0,00"
"1943760","100","ASOCIACION CIVIL","VIVIR UN SUE¥O","20211231","20220711","0,00"
"1943823","51","SOCIEDAD ANONIMA UNIPERSONAL (SAU)","PHA","20191231","20210318","10000000,00"
"1943909","52","SOCIEDAD POR ACCIONES SIMPLIFICADA","OHM INSTRUMENTAL","20210630","20221205","25000,00"
"1943909","52","SOCIEDAD POR ACCIONES SIMPLIFICADA","OHM INSTRUMENTAL","20200630","20210729","25000,00"
"1943918","52","SOCIEDAD POR ACCIONES SIMPLIFICADA","BEAR MOUNTAIN","20211231","20230111","25000,00"
"1943918","52","SOCIEDAD POR ACCIONES SIMPLIFICADA","BEAR MOUNTAIN","20201231","20220207","25000,00"
"1943920","52","SOCIEDAD POR ACCIONES SIMPLIFICADA","IMPORTACI¿N ABRAX","20200630","20220315","25000,00"
"1944021","50","SOC. ANONIMA","GUIA D","20211231","20220622","100000,00"
"1944021","50","SOC. ANONIMA","GUIA D","20201231","20220622","100000,00"
"1944021","50","SOC. ANONIMA","GUIA D","20191231","20220622","100000,00"
"1944028","50","SOC. ANONIMA","OTC INVESTMENT SOLUTIONS","20201231","20221228","122985,00"
"1944040","100","ASOCIACION CIVIL","ASOCIACION ARGENTINA DE PERCUSION ASOCIACION CIVIL","20200630","20210907","0,00"
"1944045","50","SOC. ANONIMA","TRUGYNAR","20191231","20221213","50000,00"
"1944045","50","SOC. ANONIMA","TRUGYNAR","20201231","20221213","50000,00"
"1944045","50","SOC. ANONIMA","TRUGYNAR","20181231","20200316","50000,00"
"1944140","50","SOC. ANONIMA","PASVAHL","20210731","20221020","400000,00"
"1944140","50","SOC. ANONIMA","PASVAHL","20190730","20210407","400000,00"
"1944140","50","SOC. ANONIMA","PASVAHL","20200731","20210407","400000,00"
"1944228","100","ASOCIACION CIVIL","ASOCIAC ARGENTI DE ESTETIC ONCOLOG- AADEO ASOCIAC CIVIL","20201231","20220708","0,00"
"1944228","100","ASOCIACION CIVIL","ASOCIAC ARGENTI DE ESTETIC ONCOLOG- AADEO ASOCIAC CIVIL","20191231","20220317","0,00"
"1944228","100","ASOCIACION CIVIL","ASOCIAC ARGENTI DE ESTETIC ONCOLOG- AADEO ASOCIAC CIVIL","20191231","20201201","0,00"
"1944257","170","UNION TRANSITORIA","TULLOW ARG LIM SUC ARG-PLUSPE SA-WINT ENE SA-AREA MLO 114-UT","20201231","20220504","2030179898,00"
"1944257","170","UNION TRANSITORIA","TULLOW ARG LIM SUC ARG-PLUSPE SA-WINT ENE SA-AREA MLO 114-UT","20191231","20201117","0,00"
"1944258","170","UNION TRANSITORIA","TULLOW ARG LIM SUC ARG-PLUSPE SA-WINT ENE SA-AREA MLO 119-UT","20201231","20220504","211547952,00"
"1944258","170","UNION TRANSITORIA","TULLOW ARG LIM SUC ARG-PLUSPE SA-WINT ENE SA-AREA MLO 119-UT","20191231","20210112","34967667,00"
"1944293","50","SOC. ANONIMA","GRUPO SYNCRO","20210630","20220616","2444376,00"
"1944293","50","SOC. ANONIMA","GRUPO SYNCRO","20200630","20220609","120000,00"
"1944323","50","SOC. ANONIMA","ANDES PAMPA","20210630","20230111","100000,00"
"1944323","50","SOC. ANONIMA","ANDES PAMPA","20200630","20220118","100000,00"
"1944391","52","SOCIEDAD POR ACCIONES SIMPLIFICADA","QUIERO NATURAL TIENDA","20220630","20230116","25000,00"
"1944391","52","SOCIEDAD POR ACCIONES SIMPLIFICADA","QUIERO NATURAL TIENDA","20210630","20220203","25000,00"
"1944416","52","SOCIEDAD POR ACCIONES SIMPLIFICADA","GSJ NEUMATICOS","20220331","20230113","25000,00"
"1944528","52","SOCIEDAD POR ACCIONES SIMPLIFICADA","PAGOS FUTUROS AR","20201231","20220803","25000,00"
"1944535","50","SOC. ANONIMA","THE STAGE COMPANY","20210331","20211229","100000,00"
"1944535","50","SOC. ANONIMA","THE STAGE COMPANY","20200331","20211229","100000,00"
"1944537","50","SOC. ANONIMA","TARKETT ARGENTINA","20211231","20221206","100000,00"
"1944537","50","SOC. ANONIMA","TARKETT ARGENTINA","20201231","20220818","100000,00"
"1944537","50","SOC. ANONIMA","TARKETT ARGENTINA","20191231","20220610","100000,00"
"1944587","50","SOC. ANONIMA","ALLSNACKS","20220630","20221216","100000,00"
"1944587","50","SOC. ANONIMA","ALLSNACKS","20210630","20220523","100000,00"
"1944587","50","SOC. ANONIMA","ALLSNACKS","20200630","20210909","100000,00"
"1944589","50","SOC. ANONIMA","CAMPOS SUR BONAERENSE","20200630","20220920","100000,00"
"1944589","50","SOC. ANONIMA","CAMPOS SUR BONAERENSE","20210630","20220920","100000,00"
"1944590","50","SOC. ANONIMA","ESTABLECIMIENTO SAUCE GRANDE","20200630","20210616","106000,00"
"1944595","50","SOC. ANONIMA","GOÑI LEMOINE","20210630","20220920","106000,00"
"1944595","50","SOC. ANONIMA","GOÑI LEMOINE","20200630","20210413","106000,00"
"1944599","50","SOC. ANONIMA","ENERLAND FOTOVOLTAICA","20191231","20220125","120000,00"
"1944599","50","SOC. ANONIMA","ENERLAND FOTOVOLTAICA","20201231","20211014","120000,00"
"1944633","100","ASOCIACION CIVIL","IMPACTO DIGITAL","20191231","20220805","0,00"
"1944633","100","ASOCIACION CIVIL","IMPACTO DIGITAL","20211231","20220601","0,00"
"1944633","100","ASOCIACION CIVIL","IMPACTO DIGITAL","20201231","20210810","0,00"
"1944688","50","SOC. ANONIMA","GOBIO","20220630","20221027","100000,00"
"1944688","50","SOC. ANONIMA","GOBIO","20210630","20220211","100000,00"
"1944688","50","SOC. ANONIMA","GOBIO","20200630","20210430","100000,00"
"1944816","52","SOCIEDAD POR ACCIONES SIMPLIFICADA","QUIES MENTIS","20210331","20210917","25000,00"
"1944867","170","UNION TRANSITORIA","SHELL ARGENTINA S.A.-QP OIL AND GAS S.A.U.- AREA CAN_107 UT","20191231","20211213","10587654,00"
"1944867","170","UNION TRANSITORIA","SHELL ARGENTINA S.A.-QP OIL AND GAS S.A.U.- AREA CAN_107 UT","20201231","20210929","0,00"
"1944868","170","UNION TRANSITORIA","SHELL ARGENTINA S.A.-QP OIL AND GAS S.A.U.-AREA CAN_109 UT","20191231","20211203","0,00"
"1944868","170","UNION TRANSITORIA","SHELL ARGENTINA S.A.-QP OIL AND GAS S.A.U.-AREA CAN_109 UT","20201231","20210929","0,00"
"1944992","52","SOCIEDAD POR ACCIONES SIMPLIFICADA","CROSS ENTROPY SOLUTIONS","20211231","20221025","25000,00"
"1944992","52","SOCIEDAD POR ACCIONES SIMPLIFICADA","CROSS ENTROPY SOLUTIONS","20191231","20220803","25000,00"
"1944992","52","SOCIEDAD POR ACCIONES SIMPLIFICADA","CROSS ENTROPY SOLUTIONS","20201231","20220726","25000,00"
"1945033","50","SOC. ANONIMA","TPE HOLDING","20211231","20221229","11082004,00"
"1945033","50","SOC. ANONIMA","TPE HOLDING","20201231","20221229","100000,00"
"1945033","50","SOC. ANONIMA","TPE HOLDING","20191231","20221229","100000,00"
"1945045","50","SOC. ANONIMA","EOLICA PASO MAYOR","20191231","20220623","100000,00"
"1945051","50","SOC. ANONIMA","S Y D LAFUENTE","20220228","20220913","350000,00"
"1945051","50","SOC. ANONIMA","S Y D LAFUENTE","20210228","20210917","350000,00"
"1945051","50","SOC. ANONIMA","S Y D LAFUENTE","20200229","20210426","350000,00"
"1945054","50","SOC. ANONIMA","26 DE JUNIO","20220228","20230203","350000,00"
"1945055","50","SOC. ANONIMA","LAS RICHIS","20220228","20230102","350000,00"
"1945055","50","SOC. ANONIMA","LAS RICHIS","20210228","20211119","350000,00"
"1945055","50","SOC. ANONIMA","LAS RICHIS","20200229","20210604","350000,00"
"1945138","50","SOC. ANONIMA","CAMBIO JURAMENTO","20191231","20211012","100000,00"
"1945147","50","SOC. ANONIMA","HACIENDOLE METROS","20201231","20220211","500000,00"
"1945147","50","SOC. ANONIMA","HACIENDOLE METROS","20191231","20220209","500000,00"
"1945157","50","SOC. ANONIMA","CONSULTORA NUEVA BUENOS AIRES","20200630","20210923","100000,00"
"1945157","50","SOC. ANONIMA","CONSULTORA NUEVA BUENOS AIRES","20210630","20210923","100000,00"
"1945170","50","SOC. ANONIMA","LAS TERAS","20200531","20211123","100000,00"
"1945194","50","SOC. ANONIMA","TANQUEROS ARGENTINOS","20191231","20220601","150000,00"
"1945234","52","SOCIEDAD POR ACCIONES SIMPLIFICADA","GSJ BAIRES","20220331","20230113","25000,00"
"1945241","52","SOCIEDAD POR ACCIONES SIMPLIFICADA","BIENESTAR PARA TODOS","20211231","20220830","1000000,00"
"1945241","52","SOCIEDAD POR ACCIONES SIMPLIFICADA","BIENESTAR PARA TODOS","20201231","20211115","25000,00"
"1945248","50","SOC. ANONIMA","FIDUAD","20210731","20220801","100000,00"
"1945248","50","SOC. ANONIMA","FIDUAD","20200731","20220801","100000,00"
"1945259","51","SOCIEDAD ANONIMA UNIPERSONAL (SAU)","ACON TIMBER","20211231","20221117","3272127,00"
"1945259","51","SOCIEDAD ANONIMA UNIPERSONAL (SAU)","ACON TIMBER","20201231","20221117","245029,00"
"1945259","51","SOCIEDAD ANONIMA UNIPERSONAL (SAU)","ACON TIMBER","20191231","20210505","100000,00"
"1945449","51","SOCIEDAD ANONIMA UNIPERSONAL (SAU)","MOHN DRILLING","20201231","20220311","100000,00"
"1945449","51","SOCIEDAD ANONIMA UNIPERSONAL (SAU)","MOHN DRILLING","20191231","20210406","100000,00"
"1945472","52","SOCIEDAD POR ACCIONES SIMPLIFICADA","LEONIS","20210630","20221110","25000,00"
"1945476","52","SOCIEDAD POR ACCIONES SIMPLIFICADA","NF GROUP","20210630","20220222","25000,00"
"1945476","52","SOCIEDAD POR ACCIONES SIMPLIFICADA","NF GROUP","20200630","20220222","25000,00"
"1945480","52","SOCIEDAD POR ACCIONES SIMPLIFICADA","NORTHWEST STEAK","20210630","20221110","25000,00"
"1945547","50","SOC. ANONIMA","SERVICIOS VM","20200630","20220801","600000,00"
"1945579","40","SOCIEDAD DE RESPONSABILIDAD LIMITADA","WL PLATFORMS","20211231","20220607","1931669100,00"
"1945579","40","SOCIEDAD DE RESPONSABILIDAD LIMITADA","WL PLATFORMS","20201231","20210730","292223400,00"
"1945587","50","SOC. ANONIMA","TATI TOYS","20220331","20221108","100000,00"
"1945587","50","SOC. ANONIMA","TATI TOYS","20210331","20220720","100000,00"
"1945587","50","SOC. ANONIMA","TATI TOYS","20200331","20220713","100000,00"
"1945589","50","SOC. ANONIMA","DP FACTORY","20211231","20220322","242906325,00"
"1945589","50","SOC. ANONIMA","DP FACTORY","20191231","20210811","173286500,00"
"1945589","50","SOC. ANONIMA","DP FACTORY","20201231","20210407","242906325,00"
"1945609","80","SOCIEDAD EXTRANJERA","PIMCO GLOBAL ADVISORS LLC.","20211231","20220502","0,00"
"1945609","80","SOCIEDAD EXTRANJERA","PIMCO GLOBAL ADVISORS LLC.","20201231","20210506","0,00"
"1945700","52","SOCIEDAD POR ACCIONES SIMPLIFICADA","NULINGA ARGENTINA","20211231","20230213","25000,00"
"1945700","52","SOCIEDAD POR ACCIONES SIMPLIFICADA","NULINGA ARGENTINA","20201231","20230213","25000,00"
"1945732","52","SOCIEDAD POR ACCIONES SIMPLIFICADA","HARDINEROS","20211231","20220811","25000,00"
"1945733","52","SOCIEDAD POR ACCIONES SIMPLIFICADA","SYCOMP TECHNOLOGIES","20211231","20221013","15322500,00"
"1945733","52","SOCIEDAD POR ACCIONES SIMPLIFICADA","SYCOMP TECHNOLOGIES","20201231","20221013","15322500,00"
"1945742","52","SOCIEDAD POR ACCIONES SIMPLIFICADA","MAVI INVERSIONES","20210630","20230116","25000,00"
"1945764","50","SOC. ANONIMA","GARPA","20201231","20221102","100000,00"
"1945769","50","SOC. ANONIMA","SIEMENS","20190930","20220428","1500000,00"
"1945769","50","SOC. ANONIMA","SIEMENS","20210930","20220428","167112722,00"
"1945769","50","SOC. ANONIMA","SIEMENS","20200930","20210506","167112722,00"
"1945780","100","ASOCIACION CIVIL","COLEGIO DE PSICOANALISTAS ASOCIACION CIVIL","20201031","20220323","0,00"
"1945780","100","ASOCIACION CIVIL","COLEGIO DE PSICOANALISTAS ASOCIACION CIVIL","20191030","20220323","0,00"
"1945781","140","CAMARA","ARGENTINA DE MUJERES EMPRESARIAS Y PROFESIONALES","20200630","20201216","0,00"
"1945783","100","ASOCIACION CIVIL","RED DE MUJERES POR LA DEMOCRACIA","20211231","20220817","0,00"
"1945783","100","ASOCIACION CIVIL","RED DE MUJERES POR LA DEMOCRACIA","20191231","20210618","0,00"
"1945783","100","ASOCIACION CIVIL","RED DE MUJERES POR LA DEMOCRACIA","20201231","20210630","0,00"
"1945930","50","SOC. ANONIMA","ARGENCANNA","20201231","20211220","120000,00"
"1945930","50","SOC. ANONIMA","ARGENCANNA","20191231","20211220","120000,00"
"1945961","100","ASOCIACION CIVIL","DE INVESTIGACION Y DESARROLLO DE TERAPIAS AVANZADAS","20211231","20221017","0,00"
"1945961","100","ASOCIACION CIVIL","DE INVESTIGACION Y DESARROLLO DE TERAPIAS AVANZADAS","20201231","20210929","0,00"
"1945961","100","ASOCIACION CIVIL","DE INVESTIGACION Y DESARROLLO DE TERAPIAS AVANZADAS","20191231","20210208","0,00"
"1945962","50","SOC. ANONIMA","TREMU","20200630","20210817","908000,00"
"1945962","50","SOC. ANONIMA","TREMU","20190630","20191230","908000,00"
"1946003","50","SOC. ANONIMA","NIU PAMPEANA","20200930","20210730","100000,00"
"1946003","50","SOC. ANONIMA","NIU PAMPEANA","20190930","20210730","25000,00"
"1946039","51","SOCIEDAD ANONIMA UNIPERSONAL (SAU)","ATHENEX CIDAL ARGENTINA","20211231","20220705","100000,00"
"1946039","51","SOCIEDAD ANONIMA UNIPERSONAL (SAU)","ATHENEX CIDAL ARGENTINA","20201231","20210907","100000,00"
"1946039","51","SOCIEDAD ANONIMA UNIPERSONAL (SAU)","ATHENEX CIDAL ARGENTINA","20191231","20201210","100000,00"
"1946110","50","SOC. ANONIMA","CERRADURAS INTELIGENTES","20201231","20220126","100000,00"
"1946110","50","SOC. ANONIMA","CERRADURAS INTELIGENTES","20191231","20211207","100000,00"
"1946121","52","SOCIEDAD POR ACCIONES SIMPLIFICADA","MCNETWORK","20201231","20221128","25000,00"
"1946121","52","SOCIEDAD POR ACCIONES SIMPLIFICADA","MCNETWORK","20211231","20221122","25000,00"
"1946156","52","SOCIEDAD POR ACCIONES SIMPLIFICADA","UALI","20211031","20220822","3041617,20"
"1946156","52","SOCIEDAD POR ACCIONES SIMPLIFICADA","UALI","20201031","20220302","25000,00"
"1946206","50","SOC. ANONIMA","CUSTODIAM SECURITY","20211130","20221213","100000,00"
"1946206","50","SOC. ANONIMA","CUSTODIAM SECURITY","20201231","20221213","100000,00"
"1946206","50","SOC. ANONIMA","CUSTODIAM SECURITY","20191231","20221213","100000,00"
"1946246","50","SOC. ANONIMA","E-CRUCE","20191231","20221129","100000,00"
"1946246","50","SOC. ANONIMA","E-CRUCE","20201231","20221129","100000,00"
"1946246","50","SOC. ANONIMA","E-CRUCE","20211231","20221129","100000,00"
"1946259","52","SOCIEDAD POR ACCIONES SIMPLIFICADA","CARDIOS MEDICINA","20211231","20220929","25000,00"
"1946259","52","SOCIEDAD POR ACCIONES SIMPLIFICADA","CARDIOS MEDICINA","20201231","20210910","25000,00"